StateAbbr,PlaceName,PlaceFIPS,Population2010,CASTHMA_CrudePrev,CASTHMA_Crude95CI,CASTHMA_AdjPrev,CASTHMA_Adj95CI,SLEEP_CrudePrev,SLEEP_Crude95CI,SLEEP_AdjPrev,SLEEP_Adj95CI,Geolocation,UseForStateMap_GEO_ID,UseForStateMap_StateNumber,UseForStateMap_StateName,UseForStateMap_CityName
AL,Birmingham,"107000","212,237","12.2","(12.1, 12.3)","12.1","(12.0, 12.2)","41.5","(41.3, 41.6)","41.8","(41.7, 42.0)","(33.52756637730, -86.7988174678)",0400000US01,"1",Alabama,Tuscaloosa
AL,Hoover,"135896","81,619","9.2","( 9.1,  9.3)","9.2","( 9.1,  9.3)","32.9","(32.6, 33.3)","32.8","(32.5, 33.2)","(33.37676027290, -86.8051937568)",0400000US01,"1",Alabama,Tuscaloosa
AL,Huntsville,"137000","180,105","10.9","(10.8, 11.0)","10.8","(10.7, 10.9)","37.8","(37.6, 38.1)","38.3","(38.1, 38.6)","(34.69896926710, -86.6387042882)",0400000US01,"1",Alabama,Tuscaloosa
AL,Mobile,"150000","195,111","11.5","(11.4, 11.6)","11.5","(11.4, 11.6)","39.1","(39.0, 39.3)","39.7","(39.5, 39.9)","(30.67762486480, -88.1184482714)",0400000US01,"1",Alabama,Tuscaloosa
AL,Montgomery,"151000","205,764","11.5","(11.4, 11.6)","11.4","(11.3, 11.5)","38","(37.7, 38.2)","38.1","(37.9, 38.4)","(32.34726453330, -86.2677059552)",0400000US01,"1",Alabama,Tuscaloosa
AL,Tuscaloosa,"177256","90,468","11.4","(11.2, 11.6)","11.2","(11.0, 11.3)","39","(38.5, 39.5)","41","(40.7, 41.4)","(33.23360839510, -87.5268004073)",0400000US01,"1",Alabama,Tuscaloosa
AK,Anchorage,"203000","291,826","9","( 9.0,  9.1)","8.9","( 8.8,  8.9)","31.3","(31.1, 31.5)","30.7","(30.5, 30.9)","(61.14986873100, -149.111113424)",0400000US02,"2",Alaska,Anchorage
AZ,Avondale,"404720","76,238","10.5","(10.4, 10.6)","10.3","(10.2, 10.5)","38.1","(37.8, 38.4)","37.3","(37.0, 37.5)","(33.38583674050, -112.323626619)",0400000US04,"4",Arizona,Yuma
AZ,Chandler,"412000","236,123","9.9","( 9.8, 10.0)","9.8","( 9.7,  9.9)","35.2","(35.0, 35.4)","34.4","(34.2, 34.6)","(33.28318981000, -111.852210033)",0400000US04,"4",Arizona,Yuma
AZ,Gilbert,"427400","208,453","9.9","( 9.8, 10.0)","9.7","( 9.7,  9.8)","34.8","(34.5, 35.0)","33.6","(33.4, 33.8)","(33.31014939200, -111.746237467)",0400000US04,"4",Arizona,Yuma
AZ,Glendale,"427820","226,721","10.8","(10.7, 10.9)","10.7","(10.6, 10.7)","37.3","(37.2, 37.5)","37.1","(36.9, 37.3)","(33.57961230890, -112.225306421)",0400000US04,"4",Arizona,Yuma
AZ,Mesa,"446000","439,041","10.6","(10.5, 10.6)","10.6","(10.5, 10.6)","35.5","(35.4, 35.6)","36","(35.9, 36.1)","(33.40228373590, -111.718721181)",0400000US04,"4",Arizona,Yuma
AZ,Peoria,"454050","154,065","10.2","(10.1, 10.3)","10.2","(10.1, 10.3)","34.5","(34.2, 34.7)","34.8","(34.6, 35.0)","(33.78472064220, -112.298680584)",0400000US04,"4",Arizona,Yuma
AZ,Phoenix,"455000","1,445,632","10.6","(10.6, 10.6)","10.5","(10.5, 10.5)","37.3","(37.2, 37.4)","36.8","(36.7, 36.8)","(33.57241386950, -112.088995222)",0400000US04,"4",Arizona,Yuma
AZ,Scottsdale,"465000","217,385","9.6","( 9.5,  9.6)","9.7","( 9.6,  9.7)","31.4","(31.2, 31.6)","32.3","(32.1, 32.6)","(33.68724936510, -111.865085877)",0400000US04,"4",Arizona,Yuma
AZ,Surprise,"471510","117,517","10.2","(10.1, 10.3)","10.3","(10.2, 10.5)","34.2","(33.9, 34.5)","35.3","(35.0, 35.6)","(33.68038351770, -112.452218439)",0400000US04,"4",Arizona,Yuma
AZ,Tempe,"473000","161,719","10.4","(10.3, 10.6)","10.1","(10.0, 10.2)","35","(34.7, 35.3)","35.3","(35.0, 35.6)","(33.38826403070, -111.931802302)",0400000US04,"4",Arizona,Yuma
AZ,Tucson,"477000","520,116","10.3","(10.2, 10.3)","10.1","(10.1, 10.2)","34.2","(34.1, 34.4)","34.6","(34.5, 34.8)","(32.15672444830, -110.877085494)",0400000US04,"4",Arizona,Yuma
AZ,Yuma,"485540","93,064","9.8","( 9.7, 10.0)","9.8","( 9.7,  9.9)","31.3","(31.0, 31.5)","31.8","(31.5, 32.0)","(32.59860271170, -114.548368370)",0400000US04,"4",Arizona,Yuma
AR,Fayetteville,"523290","73,580","9.3","( 9.1,  9.5)","8.9","( 8.8,  9.1)","34.2","(33.6, 34.8)","34.5","(34.0, 34.9)","(36.07121173120, -94.1659600436)",0400000US05,"5",Arkansas,Springdale
AR,Fort Smith,"524550","86,209","10","( 9.9, 10.1)","9.9","( 9.8, 10.1)","35.1","(34.8, 35.4)","35.4","(35.1, 35.7)","(35.34916926360, -94.3696317306)",0400000US05,"5",Arkansas,Springdale
AR,Jonesboro,"535710","67,263","9.9","( 9.7, 10.1)","9.8","( 9.6, 10.0)","32.4","(32.0, 32.9)","32.7","(32.3, 33.2)","(35.82081215380, -90.6794991686)",0400000US05,"5",Arkansas,Springdale
AR,Little Rock,"541000","193,524","9.8","( 9.7,  9.8)","9.7","( 9.6,  9.8)","36.5","(36.3, 36.7)","36.4","(36.2, 36.6)","(34.72539578940, -92.3583751863)",0400000US05,"5",Arkansas,Springdale
AR,Springdale,"566080","69,797","9.4","( 9.2,  9.5)","9.3","( 9.2,  9.5)","36.7","(36.3, 37.1)","36.3","(35.9, 36.7)","(36.18699325980, -94.1536274531)",0400000US05,"5",Arkansas,Springdale
CA,Alameda,"600562","73,812","8.4","( 8.3,  8.5)","8.4","( 8.3,  8.5)","33.7","(33.3, 34.0)","33.7","(33.3, 34.0)","(37.76508490310, -122.266489842)",0400000US06,"6",California,Whittier
CA,Alhambra,"600884","83,089","7.1","( 7.0,  7.2)","7.2","( 7.1,  7.2)","37.9","(37.6, 38.2)","38","(37.7, 38.3)","(34.08397343830, -118.135514119)",0400000US06,"6",California,Whittier
CA,Anaheim,"602000","336,265","8.4","( 8.3,  8.5)","8.3","( 8.2,  8.4)","34","(33.8, 34.1)","33.7","(33.5, 33.8)","(33.83890769960, -117.857613481)",0400000US06,"6",California,Whittier
CA,Antioch,"602252","102,372","9.9","( 9.8, 10.0)","9.7","( 9.6,  9.8)","35.9","(35.6, 36.1)","35.4","(35.2, 35.7)","(37.97770429220, -121.796606971)",0400000US06,"6",California,Whittier
CA,Apple Valley,"602364","69,135","9.6","( 9.4,  9.7)","9.6","( 9.4,  9.7)","37.7","(37.3, 38.0)","38.5","(38.2, 38.9)","(34.53159849480, -117.211012664)",0400000US06,"6",California,Whittier
CA,Bakersfield,"603526","347,483","9.7","( 9.6,  9.8)","9.6","( 9.5,  9.7)","37.2","(37.1, 37.4)","36.9","(36.7, 37.1)","(35.35133028550, -119.029786003)",0400000US06,"6",California,Whittier
CA,Baldwin Park,"603666","75,390","8.3","( 8.1,  8.5)","8.2","( 8.1,  8.4)","37.7","(37.4, 38.1)","37.4","(37.1, 37.8)","(34.08287151900, -117.972100918)",0400000US06,"6",California,Whittier
CA,Bellflower,"604982","76,616","9.2","( 9.1,  9.3)","9.1","( 9.0,  9.2)","38.2","(38.0, 38.4)","37.8","(37.6, 38.0)","(33.88804179230, -118.127100236)",0400000US06,"6",California,Whittier
CA,Berkeley,"606000","112,580","8.9","( 8.8,  9.0)","8.7","( 8.6,  8.8)","32.2","(31.9, 32.5)","32.5","(32.3, 32.7)","(37.87256787650, -122.274907975)",0400000US06,"6",California,Whittier
CA,Buena Park,"608786","80,530","8","( 7.9,  8.1)","7.9","( 7.8,  8.1)","34.2","(34.0, 34.5)","34.1","(33.8, 34.4)","(33.85721268440, -118.004517591)",0400000US06,"6",California,Whittier
CA,Burbank,"608954","103,340","8.7","( 8.6,  8.8)","8.7","( 8.6,  8.8)","34.1","(33.8, 34.4)","34","(33.7, 34.3)","(34.18797996050, -118.323429032)",0400000US06,"6",California,Whittier
CA,Carlsbad,"611194","105,328","8.2","( 8.1,  8.4)","8.3","( 8.2,  8.4)","30.1","(29.8, 30.5)","30.2","(29.8, 30.5)","(33.12480510260, -117.282903303)",0400000US06,"6",California,Whittier
CA,Carson,"611530","91,714","8.8","( 8.6,  8.9)","8.7","( 8.6,  8.8)","38.4","(38.1, 38.7)","38.8","(38.5, 39.1)","(33.83740830010, -118.255936422)",0400000US06,"6",California,Whittier
CA,Chico,"613014","86,187","10","( 9.8, 10.2)","9.7","( 9.6,  9.8)","32.7","(32.3, 33.2)","33.4","(33.0, 33.8)","(39.75685036680, -121.815983972)",0400000US06,"6",California,Whittier
CA,Chino,"613210","77,983","8.5","( 8.4,  8.6)","8.4","( 8.2,  8.5)","38.2","(37.9, 38.6)","37.4","(37.1, 37.8)","(33.98358812600, -117.665296584)",0400000US06,"6",California,Whittier
CA,Chino Hills,"613214","74,799","7.5","( 7.4,  7.6)","7.3","( 7.2,  7.5)","36.9","(36.5, 37.3)","36.1","(35.6, 36.4)","(33.95077454600, -117.725326968)",0400000US06,"6",California,Whittier
CA,Chula Vista,"613392","243,916","8.3","( 8.2,  8.4)","8.2","( 8.2,  8.3)","34.4","(34.2, 34.6)","34.1","(33.9, 34.3)","(32.62829642620, -117.010042407)",0400000US06,"6",California,Whittier
CA,Citrus Heights,"613588","83,301","10.7","(10.6, 10.8)","10.7","(10.5, 10.8)","35.3","(35.0, 35.6)","35.6","(35.3, 35.9)","(38.69477883420, -121.287991502)",0400000US06,"6",California,Whittier
CA,Clovis,"614218","95,631","9.7","( 9.6,  9.8)","9.6","( 9.5,  9.7)","33.5","(33.2, 33.8)","33.4","(33.2, 33.7)","(36.82894001790, -119.686652850)",0400000US06,"6",California,Whittier
CA,Compton,"615044","96,455","10.9","(10.7, 11.0)","10.8","(10.7, 11.0)","41.5","(41.3, 41.8)","41.4","(41.2, 41.6)","(33.89296569300, -118.227506568)",0400000US06,"6",California,Whittier
CA,Concord,"616000","122,067","9.1","( 9.0,  9.2)","9","( 8.9,  9.1)","33.3","(33.0, 33.6)","33.1","(32.9, 33.4)","(37.97218103070, -122.001588036)",0400000US06,"6",California,Whittier
CA,Corona,"616350","152,374","8.6","( 8.5,  8.7)","8.5","( 8.4,  8.6)","38.4","(38.1, 38.6)","37.6","(37.4, 37.8)","(33.86235717870, -117.564224471)",0400000US06,"6",California,Whittier
CA,Costa Mesa,"616532","109,960","8.6","( 8.5,  8.7)","8.5","( 8.4,  8.6)","32.2","(31.9, 32.5)","31.7","(31.4, 32.0)","(33.66676513530, -117.913504750)",0400000US06,"6",California,Whittier
CA,Daly City,"617918","101,123","7.1","( 7.0,  7.2)","7","( 7.0,  7.1)","34.7","(34.4, 35.1)","34.9","(34.6, 35.2)","(37.68615522760, -122.468298024)",0400000US06,"6",California,Whittier
CA,Downey,"619766","111,772","8.5","( 8.4,  8.6)","8.4","( 8.3,  8.6)","35.6","(35.3, 35.9)","35.5","(35.2, 35.7)","(33.93786725600, -118.131150116)",0400000US06,"6",California,Whittier
CA,El Cajon,"621712","99,478","9.9","( 9.8, 10.0)","9.8","( 9.7, 10.0)","35.3","(35.1, 35.6)","35.3","(35.1, 35.6)","(32.80165819210, -116.960483614)",0400000US06,"6",California,Whittier
CA,Elk Grove,"622020","153,015","9.6","( 9.5,  9.7)","9.5","( 9.4,  9.6)","37","(36.7, 37.2)","36.3","(36.1, 36.6)","(38.41599920060, -121.384137762)",0400000US06,"6",California,Whittier
CA,El Monte,"622230","113,475","8.5","( 8.4,  8.6)","8.4","( 8.3,  8.5)","39.5","(39.3, 39.8)","39.3","(39.1, 39.6)","(34.07391965300, -118.029071951)",0400000US06,"6",California,Whittier
CA,Escondido,"622804","143,911","9.1","( 9.0,  9.2)","9.1","( 9.0,  9.2)","34.5","(34.3, 34.8)","34.5","(34.3, 34.7)","(33.13469529550, -117.072122618)",0400000US06,"6",California,Whittier
CA,Fairfield,"623182","105,321","9.7","( 9.6,  9.8)","9.6","( 9.5,  9.7)","37.6","(37.3, 37.8)","37.4","(37.2, 37.6)","(38.25584463430, -122.039303253)",0400000US06,"6",California,Whittier
CA,Folsom,"624638","72,203","9.3","( 9.1,  9.4)","9.2","( 9.1,  9.4)","33.9","(33.5, 34.3)","33.1","(32.7, 33.5)","(38.67504943280, -121.147605753)",0400000US06,"6",California,Whittier
CA,Fontana,"624680","196,069","8.8","( 8.7,  8.9)","8.7","( 8.6,  8.8)","39.5","(39.2, 39.7)","38.7","(38.5, 38.9)","(34.09742278330, -117.459241285)",0400000US06,"6",California,Whittier
CA,Fremont,"626000","214,089","7.2","( 7.2,  7.3)","7.2","( 7.1,  7.3)","34.6","(34.4, 34.8)","34","(33.7, 34.2)","(37.52786854050, -121.984121512)",0400000US06,"6",California,Whittier
CA,Fresno,"627000","494,665","10.1","(10.1, 10.2)","10","(10.0, 10.1)","36.5","(36.4, 36.7)","36.5","(36.4, 36.6)","(36.78267867110, -119.794126569)",0400000US06,"6",California,Whittier
CA,Fullerton,"628000","135,161","8","( 7.9,  8.1)","7.9","( 7.9,  8.0)","32.5","(32.2, 32.8)","32.7","(32.4, 32.9)","(33.88403780130, -117.927850895)",0400000US06,"6",California,Whittier
CA,Garden Grove,"629000","170,883","7.9","( 7.8,  8.0)","7.8","( 7.8,  7.9)","35.7","(35.5, 35.9)","35.6","(35.4, 35.7)","(33.77869406350, -117.960111162)",0400000US06,"6",California,Whittier
CA,Glendale,"630000","191,719","9","( 8.9,  9.1)","9","( 8.9,  9.1)","34.6","(34.4, 34.8)","34.9","(34.7, 35.1)","(34.18188937300, -118.246766660)",0400000US06,"6",California,Whittier
CA,Hawthorne,"632548","84,293","9.9","( 9.7, 10.0)","9.7","( 9.6,  9.9)","39.9","(39.6, 40.2)","39.2","(38.9, 39.4)","(33.91466770100, -118.347667728)",0400000US06,"6",California,Whittier
CA,Hayward,"633000","144,186","8.8","( 8.8,  8.9)","8.8","( 8.7,  8.8)","36.7","(36.5, 36.9)","36.5","(36.3, 36.7)","(37.63295915510, -122.077051051)",0400000US06,"6",California,Whittier
CA,Hemet,"633182","78,657","9.6","( 9.5,  9.7)","9.8","( 9.6,  9.9)","37.7","(37.5, 38.0)","39.8","(39.6, 40.1)","(33.73522773110, -116.994605005)",0400000US06,"6",California,Whittier
CA,Hesperia,"633434","90,173","9.6","( 9.5,  9.8)","9.5","( 9.4,  9.7)","39.3","(39.0, 39.5)","39.1","(38.8, 39.3)","(34.39734767730, -117.314392219)",0400000US06,"6",California,Whittier
CA,Huntington Beach,"636000","189,992","8.4","( 8.3,  8.4)","8.3","( 8.3,  8.4)","30.7","(30.5, 30.9)","30.8","(30.6, 31.0)","(33.69527490770, -118.001810806)",0400000US06,"6",California,Whittier
CA,Indio,"636448","76,036","8.8","( 8.6,  9.0)","8.8","( 8.6,  8.9)","38.3","(37.9, 38.6)","38.5","(38.2, 38.9)","(33.72980678370, -116.237258141)",0400000US06,"6",California,Whittier
CA,Inglewood,"636546","109,673","10.7","(10.5, 10.8)","10.6","(10.4, 10.7)","41","(40.7, 41.3)","40.7","(40.4, 41.0)","(33.95657480180, -118.344444926)",0400000US06,"6",California,Whittier
CA,Irvine,"636770","212,375","7.4","( 7.4,  7.5)","7.3","( 7.3,  7.4)","31.5","(31.2, 31.8)","31.1","(30.9, 31.4)","(33.67801089040, -117.773633283)",0400000US06,"6",California,Whittier
CA,Lake Forest,"639496","77,264","8.2","( 8.0,  8.3)","8.1","( 8.0,  8.2)","31.1","(30.7, 31.4)","30.6","(30.2, 30.9)","(33.66341289480, -117.670683341)",0400000US06,"6",California,Whittier
CA,Lakewood,"639892","80,048","8.7","( 8.6,  8.8)","8.6","( 8.5,  8.7)","35.8","(35.5, 36.1)","35.7","(35.4, 35.9)","(33.84705319410, -118.122204765)",0400000US06,"6",California,Whittier
CA,Lancaster,"640130","156,633","10.1","(10.0, 10.2)","10","( 9.9, 10.0)","38.8","(38.6, 39.0)","38.4","(38.3, 38.6)","(34.69343470170, -118.175306356)",0400000US06,"6",California,Whittier
CA,Livermore,"641992","80,968","8.9","( 8.8,  9.0)","8.8","( 8.7,  9.0)","32.7","(32.4, 33.0)","32.2","(31.9, 32.5)","(37.68651013610, -121.764357841)",0400000US06,"6",California,Whittier
CA,Long Beach,"643000","462,257","9.3","( 9.2,  9.3)","9.2","( 9.1,  9.2)","37.4","(37.3, 37.6)","37.1","(37.0, 37.2)","(33.80601448250, -118.160894146)",0400000US06,"6",California,Whittier
CA,Los Angeles,"644000","3,792,621","9","( 9.0,  9.1)","9","( 9.0,  9.0)","36.8","(36.8, 36.9)","36.6","(36.6, 36.6)","(34.11822778980, -118.408500088)",0400000US06,"6",California,Whittier
CA,Lynwood,"644574","69,772","9.9","( 9.6, 10.1)","9.8","( 9.5, 10.0)","39.7","(39.3, 40.1)","39.1","(38.7, 39.5)","(33.92396168670, -118.201648375)",0400000US06,"6",California,Whittier
CA,Manteca,"645484","67,096","9.5","( 9.4,  9.6)","9.4","( 9.3,  9.5)","35.1","(34.8, 35.4)","34.9","(34.6, 35.2)","(37.79619251020, -121.231230612)",0400000US06,"6",California,Whittier
CA,Menifee,"646842","77,519","8.9","( 8.8,  9.0)","9","( 8.9,  9.1)","36.7","(36.4, 36.9)","37.9","(37.6, 38.1)","(33.69095330450, -117.184876990)",0400000US06,"6",California,Whittier
CA,Merced,"646898","78,958","9.7","( 9.6,  9.9)","9.7","( 9.5,  9.8)","37.6","(37.3, 38.0)","37.6","(37.3, 38.0)","(37.30558632170, -120.477710571)",0400000US06,"6",California,Whittier
CA,Milpitas,"647766","66,790","6.7","( 6.6,  6.9)","6.7","( 6.6,  6.8)","34.2","(33.7, 34.6)","33.5","(33.1, 34.0)","(37.43386976300, -121.892083025)",0400000US06,"6",California,Whittier
CA,Mission Viejo,"648256","93,305","8.2","( 8.1,  8.4)","8.2","( 8.1,  8.3)","29.6","(29.2, 29.9)","29.9","(29.6, 30.2)","(33.60959768910, -117.655029608)",0400000US06,"6",California,Whittier
CA,Modesto,"648354","201,165","9.7","( 9.6,  9.8)","9.6","( 9.5,  9.7)","36.1","(35.9, 36.4)","36.3","(36.1, 36.5)","(37.66154782210, -120.988548061)",0400000US06,"6",California,Whittier
CA,Moreno Valley,"649270","193,365","9.5","( 9.4,  9.5)","9.3","( 9.2,  9.4)","41.1","(40.9, 41.2)","40.5","(40.3, 40.6)","(33.92443141120, -117.204501895)",0400000US06,"6",California,Whittier
CA,Mountain View,"649670","74,066","7.5","( 7.4,  7.6)","7.5","( 7.4,  7.6)","30.2","(29.9, 30.5)","29.5","(29.2, 29.7)","(37.39992523790, -122.079544343)",0400000US06,"6",California,Whittier
CA,Murrieta,"650076","103,466","8.7","( 8.6,  8.8)","8.7","( 8.5,  8.8)","37.3","(36.9, 37.6)","37","(36.6, 37.3)","(33.57197433560, -117.190921143)",0400000US06,"6",California,Whittier
CA,Napa,"650258","76,915","9.2","( 9.1,  9.3)","9.2","( 9.0,  9.3)","32.7","(32.4, 33.1)","33","(32.7, 33.3)","(38.29804246490, -122.301093331)",0400000US06,"6",California,Whittier
CA,Newport Beach,"651182","85,186","7.9","( 7.8,  8.0)","8","( 7.9,  8.1)","27.5","(27.1, 27.8)","28.2","(27.8, 28.6)","(33.61501036070, -117.867364631)",0400000US06,"6",California,Whittier
CA,Norwalk,"652526","105,549","8.5","( 8.4,  8.6)","8.4","( 8.3,  8.5)","36.9","(36.7, 37.2)","36.8","(36.6, 37.1)","(33.90688082280, -118.082915204)",0400000US06,"6",California,Whittier
CA,Oakland,"653000","390,724","9.7","( 9.7,  9.8)","9.7","( 9.6,  9.7)","37.3","(37.2, 37.4)","37","(36.9, 37.1)","(37.79087803500, -122.214859257)",0400000US06,"6",California,Whittier
CA,Oceanside,"653322","167,086","8.9","( 8.8,  9.0)","8.9","( 8.8,  9.0)","33.4","(33.2, 33.6)","33.7","(33.5, 34.0)","(33.22474574740, -117.308200285)",0400000US06,"6",California,Whittier
CA,Ontario,"653896","163,924","8.8","( 8.7,  8.9)","8.7","( 8.6,  8.8)","39.1","(38.9, 39.3)","38.5","(38.3, 38.7)","(34.03926494640, -117.606427103)",0400000US06,"6",California,Whittier
CA,Orange,"653980","136,416","8.4","( 8.3,  8.5)","8.3","( 8.2,  8.4)","32","(31.7, 32.2)","31.9","(31.7, 32.2)","(33.80464195670, -117.823185500)",0400000US06,"6",California,Whittier
CA,Oxnard,"654652","197,899","9","( 8.9,  9.1)","8.9","( 8.8,  9.0)","37","(36.7, 37.2)","36.7","(36.5, 36.9)","(34.19592377310, -119.181876570)",0400000US06,"6",California,Whittier
CA,Palmdale,"655156","152,750","9.9","( 9.8, 10.1)","9.8","( 9.7,  9.9)","38.6","(38.4, 38.8)","38","(37.8, 38.2)","(34.59448998030, -118.105772328)",0400000US06,"6",California,Whittier
CA,Pasadena,"656000","137,122","8.5","( 8.4,  8.6)","8.5","( 8.4,  8.6)","34.5","(34.3, 34.7)","34.5","(34.3, 34.7)","(34.15976348060, -118.138921644)",0400000US06,"6",California,Whittier
CA,Perris,"656700","68,386","9.3","( 9.1,  9.6)","9.2","( 9.0,  9.4)","41.6","(41.1, 42.0)","40.8","(40.4, 41.1)","(33.78973460940, -117.223291831)",0400000US06,"6",California,Whittier
CA,Pleasanton,"657792","70,285","8.1","( 8.0,  8.2)","8","( 7.9,  8.1)","31.5","(31.1, 31.9)","31.1","(30.7, 31.4)","(37.66560921710, -121.880775002)",0400000US06,"6",California,Whittier
CA,Pomona,"658072","149,058","9.1","( 9.0,  9.2)","9","( 8.9,  9.1)","37.9","(37.7, 38.1)","37.7","(37.4, 37.9)","(34.05850263660, -117.762551658)",0400000US06,"6",California,Whittier
CA,Rancho Cucamonga,"659451","165,269","8.5","( 8.4,  8.6)","8.4","( 8.3,  8.4)","36.9","(36.7, 37.2)","36.3","(36.0, 36.5)","(34.12458955550, -117.566175870)",0400000US06,"6",California,Whittier
CA,Redding,"659920","89,861","10","( 9.9, 10.1)","10","( 9.9, 10.1)","31.6","(31.3, 31.9)","32.5","(32.1, 32.7)","(40.56975912710, -122.365026322)",0400000US06,"6",California,Whittier
CA,Redlands,"659962","68,747","8.8","( 8.6,  9.0)","8.7","( 8.6,  8.9)","35.4","(35.0, 35.9)","35.9","(35.5, 36.3)","(34.05113153170, -117.170935294)",0400000US06,"6",California,Whittier
CA,Redondo Beach,"660018","66,748","8.2","( 8.1,  8.3)","8.2","( 8.0,  8.3)","32.5","(32.1, 33.0)","31.7","(31.3, 32.1)","(33.85752801590, -118.376567893)",0400000US06,"6",California,Whittier
CA,Redwood City,"660102","76,815","8.4","( 8.2,  8.5)","8.3","( 8.2,  8.5)","31.7","(31.3, 32.0)","31.2","(30.8, 31.5)","(37.50091452760, -122.224767617)",0400000US06,"6",California,Whittier
CA,Rialto,"660466","99,171","9.5","( 9.4,  9.6)","9.4","( 9.3,  9.5)","40.2","(40.0, 40.5)","39.9","(39.6, 40.1)","(34.11281580890, -117.388535978)",0400000US06,"6",California,Whittier
CA,Richmond,"660620","103,701","10","( 9.8, 10.1)","9.9","( 9.8, 10.0)","37.2","(37.0, 37.5)","37","(36.7, 37.2)","(37.94797103650, -122.336803759)",0400000US06,"6",California,Whittier
CA,Riverside,"662000","303,871","9","( 8.9,  9.0)","8.9","( 8.8,  8.9)","38.7","(38.5, 38.9)","38.6","(38.5, 38.8)","(33.93812516850, -117.394845824)",0400000US06,"6",California,Whittier
CA,Roseville,"662938","118,788","9.1","( 9.0,  9.2)","9.1","( 9.0,  9.2)","31.1","(30.8, 31.4)","31.2","(30.9, 31.5)","(38.76575161820, -121.302847708)",0400000US06,"6",California,Whittier
CA,Sacramento,"664000","466,488","10.3","(10.3, 10.4)","10.2","(10.2, 10.3)","37.8","(37.7, 37.9)","37.7","(37.6, 37.8)","(38.56663215670, -121.468299801)",0400000US06,"6",California,Whittier
CA,Salinas,"664224","150,441","9.3","( 9.2,  9.4)","9.2","( 9.1,  9.3)","35.2","(34.9, 35.5)","34.8","(34.6, 35.1)","(36.68891743210, -121.631811961)",0400000US06,"6",California,Whittier
CA,San Bernardino,"665000","209,924","10","( 9.9, 10.1)","9.8","( 9.8,  9.9)","41.3","(41.1, 41.5)","41.1","(40.9, 41.3)","(34.13923228440, -117.295272732)",0400000US06,"6",California,Whittier
CA,San Buenaventura (Ventura),"665042","106,433","9","( 8.9,  9.1)","9","( 8.9,  9.1)","33.3","(33.0, 33.7)","33.5","(33.2, 33.8)","(34.27436102060, -119.231436551)",0400000US06,"6",California,Whittier
CA,San Diego,"666000","1,307,402","8.4","( 8.4,  8.5)","8.3","( 8.3,  8.4)","33.3","(33.2, 33.4)","33.2","(33.2, 33.3)","(32.83556394180, -117.119792061)",0400000US06,"6",California,Whittier
CA,San Francisco,"667000","805,235","7.8","( 7.8,  7.8)","7.8","( 7.8,  7.8)","30.4","(30.3, 30.5)","30.3","(30.2, 30.4)","(37.75591366110, -122.440987876)",0400000US06,"6",California,Whittier
CA,San Jose,"668000","945,942","7.8","( 7.8,  7.9)","7.8","( 7.7,  7.8)","32.9","(32.8, 33.0)","32.5","(32.4, 32.6)","(37.30039631760, -121.847228423)",0400000US06,"6",California,Whittier
CA,San Leandro,"668084","84,950","8.7","( 8.6,  8.8)","8.7","( 8.6,  8.8)","36.2","(36.0, 36.5)","36.4","(36.2, 36.7)","(37.70742992620, -122.159061655)",0400000US06,"6",California,Whittier
CA,San Marcos,"668196","83,781","8.7","( 8.6,  8.9)","8.7","( 8.6,  8.8)","33.3","(33.0, 33.7)","33.2","(32.8, 33.5)","(33.13496598600, -117.174363098)",0400000US06,"6",California,Whittier
CA,San Mateo,"668252","97,207","8.1","( 8.0,  8.2)","8.1","( 8.0,  8.2)","31.5","(31.2, 31.7)","31.5","(31.2, 31.7)","(37.55182268930, -122.312390346)",0400000US06,"6",California,Whittier
CA,San Ramon,"668378","72,148","7.7","( 7.6,  7.8)","7.7","( 7.6,  7.8)","31.9","(31.5, 32.3)","30.6","(30.2, 31.0)","(37.76237054620, -121.938150371)",0400000US06,"6",California,Whittier
CA,Santa Ana,"669000","324,528","8.6","( 8.6,  8.7)","8.5","( 8.5,  8.6)","35.8","(35.6, 35.9)","35.2","(35.1, 35.4)","(33.73669484190, -117.881890237)",0400000US06,"6",California,Whittier
CA,Santa Barbara,"669070","88,410","8.8","( 8.6,  8.9)","8.7","( 8.6,  8.9)","27.2","(26.9, 27.5)","27.7","(27.4, 28.0)","(34.42857338740, -119.720187334)",0400000US06,"6",California,Whittier
CA,Santa Clara,"669084","116,468","7.4","( 7.4,  7.5)","7.5","( 7.4,  7.5)","31.5","(31.2, 31.8)","31","(30.7, 31.3)","(37.36461975040, -121.967932117)",0400000US06,"6",California,Whittier
CA,Santa Clarita,"669088","176,320","8.8","( 8.8,  8.9)","8.7","( 8.7,  8.8)","34.4","(34.1, 34.6)","34","(33.8, 34.2)","(34.41190391850, -118.503504698)",0400000US06,"6",California,Whittier
CA,Santa Maria,"669196","99,553","9.6","( 9.4,  9.8)","9.5","( 9.4,  9.7)","31.6","(31.2, 31.9)","31.6","(31.3, 32.0)","(34.93337357570, -120.443326954)",0400000US06,"6",California,Whittier
CA,Santa Monica,"670000","89,736","8.4","( 8.3,  8.5)","8.5","( 8.4,  8.6)","31.7","(31.3, 32.0)","31.6","(31.3, 31.9)","(34.02318916120, -118.481563937)",0400000US06,"6",California,Whittier
CA,Santa Rosa,"670098","167,815","9.4","( 9.3,  9.5)","9.4","( 9.3,  9.5)","33.6","(33.3, 33.8)","33.9","(33.7, 34.2)","(38.44644231020, -122.706005935)",0400000US06,"6",California,Whittier
CA,Simi Valley,"672016","124,237","8.9","( 8.8,  9.0)","8.8","( 8.7,  8.9)","33.8","(33.6, 34.1)","33.5","(33.3, 33.8)","(34.26624628570, -118.748980462)",0400000US06,"6",California,Whittier
CA,South Gate,"673080","94,396","9.1","( 8.9,  9.3)","9","( 8.8,  9.2)","37.8","(37.4, 38.1)","37.2","(36.9, 37.6)","(33.94473226640, -118.192550525)",0400000US06,"6",California,Whittier
CA,Stockton,"675000","291,707","9.5","( 9.4,  9.5)","9.4","( 9.3,  9.4)","37.6","(37.4, 37.7)","37.6","(37.5, 37.8)","(37.97663226790, -121.311121669)",0400000US06,"6",California,Whittier
CA,Sunnyvale,"677000","140,081","7","( 7.0,  7.1)","7.1","( 7.1,  7.2)","31.1","(30.8, 31.4)","30.4","(30.2, 30.7)","(37.38344165660, -122.025624324)",0400000US06,"6",California,Whittier
CA,Temecula,"678120","100,097","8.6","( 8.5,  8.7)","8.5","( 8.4,  8.6)","37.1","(36.8, 37.5)","36.4","(36.1, 36.7)","(33.50299808840, -117.122390280)",0400000US06,"6",California,Whittier
CA,Thousand Oaks,"678582","126,683","8.6","( 8.5,  8.7)","8.6","( 8.5,  8.7)","31.8","(31.5, 32.1)","32.2","(31.9, 32.5)","(34.19177456550, -118.874888411)",0400000US06,"6",California,Whittier
CA,Torrance,"680000","145,438","7.7","( 7.6,  7.7)","7.7","( 7.6,  7.8)","34.4","(34.2, 34.6)","34.6","(34.4, 34.9)","(33.83459854640, -118.341641983)",0400000US06,"6",California,Whittier
CA,Tracy,"680238","82,922","9","( 8.9,  9.1)","8.9","( 8.8,  9.0)","35.6","(35.3, 35.9)","34.7","(34.5, 35.0)","(37.72432773750, -121.444621463)",0400000US06,"6",California,Whittier
CA,Turlock,"680812","68,549","9.6","( 9.4,  9.7)","9.5","( 9.4,  9.7)","35.1","(34.7, 35.6)","35.4","(35.0, 35.8)","(37.50521582710, -120.858762412)",0400000US06,"6",California,Whittier
CA,Tustin,"680854","75,540","8","( 7.9,  8.1)","8","( 7.8,  8.1)","33","(32.6, 33.3)","32.2","(31.9, 32.6)","(33.73085203260, -117.810730968)",0400000US06,"6",California,Whittier
CA,Union City,"681204","69,516","7.5","( 7.4,  7.6)","7.4","( 7.3,  7.5)","36.5","(36.2, 36.9)","36.3","(35.9, 36.7)","(37.60283908120, -122.018966106)",0400000US06,"6",California,Whittier
CA,Upland,"681344","73,732","8.6","( 8.5,  8.7)","8.5","( 8.4,  8.6)","36.6","(36.4, 36.9)","36.8","(36.5, 37.1)","(34.11784457010, -117.660290062)",0400000US06,"6",California,Whittier
CA,Vacaville,"681554","92,428","9.6","( 9.5,  9.7)","9.5","( 9.4,  9.6)","36.2","(35.9, 36.5)","35.9","(35.5, 36.2)","(38.35972350630, -121.969030460)",0400000US06,"6",California,Whittier
CA,Vallejo,"681666","115,942","9.5","( 9.4,  9.6)","9.4","( 9.3,  9.5)","38.8","(38.6, 39.0)","38.9","(38.7, 39.1)","(38.11353292470, -122.235518478)",0400000US06,"6",California,Whittier
CA,Victorville,"682590","115,903","9.7","( 9.6,  9.8)","9.6","( 9.5,  9.8)","40.7","(40.4, 41.0)","40.3","(40.0, 40.6)","(34.52776911030, -117.353855136)",0400000US06,"6",California,Whittier
CA,Visalia,"682954","124,442","9.3","( 9.1,  9.4)","9.2","( 9.1,  9.3)","32.8","(32.4, 33.1)","32.7","(32.4, 33.0)","(36.32706231570, -119.325273214)",0400000US06,"6",California,Whittier
CA,Vista,"682996","93,834","9.1","( 8.9,  9.2)","9","( 8.9,  9.1)","34.5","(34.2, 34.7)","34.3","(34.0, 34.6)","(33.18954819780, -117.238607217)",0400000US06,"6",California,Whittier
CA,West Covina,"684200","106,098","7.8","( 7.7,  7.9)","7.8","( 7.7,  7.9)","36.1","(35.9, 36.4)","36.3","(36.0, 36.5)","(34.05544151740, -117.911282060)",0400000US06,"6",California,Whittier
CA,Westminster,"684550","89,701","7.7","( 7.6,  7.8)","7.7","( 7.6,  7.8)","35.9","(35.6, 36.2)","36.2","(35.9, 36.5)","(33.75215237690, -117.993760054)",0400000US06,"6",California,Whittier
CA,Whittier,"685292","85,331","8.4","( 8.3,  8.5)","8.3","( 8.2,  8.4)","34.3","(34.0, 34.5)","34.4","(34.1, 34.6)","(33.96782555960, -118.018796341)",0400000US06,"6",California,Whittier
CO,Arvada,"803455","106,433","9.4","( 9.3,  9.5)","9.4","( 9.3,  9.5)","26.8","(26.5, 27.0)","26.9","(26.7, 27.2)","(39.83082632930, -105.146327974)",0400000US08,"8",Colorado,Westminster
CO,Aurora,"804000","325,078","9.6","( 9.5,  9.6)","9.5","( 9.4,  9.5)","31.8","(31.7, 31.9)","31.3","(31.2, 31.4)","(39.70915947810, -104.726526621)",0400000US08,"8",Colorado,Westminster
CO,Boulder,"807850","97,385","9.1","( 8.9,  9.3)","8.7","( 8.6,  8.8)","24.2","(23.7, 24.6)","24.5","(24.1, 24.8)","(40.02755104940, -105.251517760)",0400000US08,"8",Colorado,Westminster
CO,Centennial,"812815","100,377","8.5","( 8.4,  8.6)","8.4","( 8.3,  8.5)","26.7","(26.4, 27.0)","26.6","(26.3, 26.9)","(39.59287207300, -104.867986891)",0400000US08,"8",Colorado,Westminster
CO,Colorado Springs,"816000","416,427","10","( 9.9, 10.0)","9.9","( 9.8,  9.9)","30.3","(30.1, 30.4)","30.2","(30.1, 30.4)","(38.86727480770, -104.760664479)",0400000US08,"8",Colorado,Westminster
CO,Denver,"820000","600,158","9.4","( 9.3,  9.4)","9.3","( 9.3,  9.4)","28.4","(28.3, 28.5)","28.2","(28.0, 28.3)","(39.76202837430, -104.876365322)",0400000US08,"8",Colorado,Westminster
CO,Fort Collins,"827425","143,986","9.4","( 9.3,  9.5)","9.1","( 9.0,  9.2)","26.6","(26.3, 26.9)","26.7","(26.5, 27.0)","(40.54877589240, -105.065904872)",0400000US08,"8",Colorado,Westminster
CO,Greeley,"832155","92,889","9.7","( 9.5,  9.8)","9.5","( 9.3,  9.6)","29.1","(28.8, 29.4)","29.6","(29.3, 29.8)","(40.41413695210, -104.771170982)",0400000US08,"8",Colorado,Westminster
CO,Lakewood,"843000","142,980","9.4","( 9.3,  9.5)","9.3","( 9.2,  9.4)","27.1","(26.9, 27.3)","27.4","(27.2, 27.6)","(39.69767344620, -105.116965444)",0400000US08,"8",Colorado,Westminster
CO,Longmont,"845970","86,270","9.1","( 8.9,  9.2)","9","( 8.9,  9.2)","26","(25.7, 26.3)","25.8","(25.5, 26.1)","(40.16951647080, -105.101951060)",0400000US08,"8",Colorado,Westminster
CO,Loveland,"846465","66,859","9.3","( 9.1,  9.5)","9.3","( 9.2,  9.5)","26.7","(26.3, 27.0)","27","(26.6, 27.3)","(40.41656937580, -105.061758435)",0400000US08,"8",Colorado,Westminster
CO,Pueblo,"862000","106,595","9.7","( 9.6,  9.7)","9.7","( 9.6,  9.8)","34.2","(34.0, 34.4)","35.1","(34.8, 35.3)","(38.27339572510, -104.612001218)",0400000US08,"8",Colorado,Westminster
CO,Thornton,"877290","118,772","9.8","( 9.7,  9.9)","9.7","( 9.6,  9.8)","31.5","(31.3, 31.8)","30.6","(30.4, 30.9)","(39.91939941880, -104.944956758)",0400000US08,"8",Colorado,Westminster
CO,Westminster,"883835","106,114","9.5","( 9.4,  9.6)","9.4","( 9.3,  9.5)","29.1","(28.8, 29.4)","28.7","(28.4, 28.9)","(39.88385114750, -105.062645316)",0400000US08,"8",Colorado,Westminster
CT,Bridgeport,"908000","144,229","11","(10.9, 11.1)","10.9","(10.8, 11.0)","40.2","(40.0, 40.4)","40.1","(39.9, 40.3)","(41.19280542330, -73.1960546940)",0400000US09,"9",Connecticut,Waterbury
CT,Danbury,"918430","80,893","9.9","( 9.7, 10.0)","9.8","( 9.7, 10.0)","36","(35.6, 36.3)","35.7","(35.3, 36.1)","(41.40158986060, -73.4709386820)",0400000US09,"9",Connecticut,Waterbury
CT,Hartford,"937000","124,775","11.9","(11.8, 12.0)","11.7","(11.6, 11.9)","40.9","(40.6, 41.1)","41","(40.8, 41.2)","(41.76607064190, -72.6834012389)",0400000US09,"9",Connecticut,Waterbury
CT,New Britain,"950370","73,206","10.9","(10.8, 11.1)","10.8","(10.7, 11.0)","36.8","(36.6, 37.1)","37.3","(37.1, 37.6)","(41.67592265400, -72.7861630705)",0400000US09,"9",Connecticut,Waterbury
CT,New Haven,"952000","129,779","11.8","(11.6, 11.9)","11.7","(11.6, 11.8)","40.5","(40.2, 40.8)","40.8","(40.6, 41.0)","(41.31138693920, -72.9247595793)",0400000US09,"9",Connecticut,Waterbury
CT,Norwalk,"955990","85,603","9.5","( 9.3,  9.6)","9.5","( 9.4,  9.6)","35","(34.7, 35.2)","34.7","(34.4, 35.0)","(41.11756316820, -73.4224513123)",0400000US09,"9",Connecticut,Waterbury
CT,Stamford,"973000","122,643","9.2","( 9.1,  9.2)","9.2","( 9.1,  9.3)","34.6","(34.3, 34.9)","34.5","(34.2, 34.7)","(41.10491450130, -73.5589363142)",0400000US09,"9",Connecticut,Waterbury
CT,Waterbury,"980000","110,366","11.9","(11.8, 12.1)","11.9","(11.8, 12.0)","40.3","(40.1, 40.5)","40.6","(40.4, 40.8)","(41.55824432660, -73.0361298320)",0400000US09,"9",Connecticut,Waterbury
DE,Wilmington,"1077580","70,851","12","(11.8, 12.2)","12","(11.8, 12.2)","43.1","(42.8, 43.5)","43.1","(42.8, 43.4)","(39.74127482270, -75.5418960925)",0400000US10,"10",Deleware,Wilmington
DC,Washington,"1150000","601,723","10","( 9.9, 10.0)","9.9","( 9.8,  9.9)","36.4","(36.3, 36.6)","36.7","(36.6, 36.9)","(38.90992414260, -77.0147205666)",0400000US11,"11",District of Columbia,Washington
FL,Boca Raton,"1207300","84,392","7.6","( 7.5,  7.7)","7.7","( 7.6,  7.7)","34.5","(34.2, 34.8)","36.1","(35.8, 36.5)","(26.37490127150, -80.1078208861)",0400000US12,"12",Florida,West Palm Beach
FL,Boynton Beach,"1207875","68,217","8.7","( 8.6,  8.9)","9","( 8.8,  9.1)","39.9","(39.6, 40.2)","41.5","(41.2, 41.8)","(26.52798180520, -80.0814660417)",0400000US12,"12",Florida,West Palm Beach
FL,Cape Coral,"1210275","154,305","8.2","( 8.1,  8.3)","8.2","( 8.1,  8.3)","33.3","(33.0, 33.5)","33.9","(33.6, 34.1)","(26.64485449930, -81.9931108298)",0400000US12,"12",Florida,West Palm Beach
FL,Clearwater,"1212875","107,685","8.6","( 8.6,  8.7)","8.8","( 8.7,  8.8)","38.2","(38.0, 38.5)","39.5","(39.2, 39.8)","(27.98059979190, -82.7544099135)",0400000US12,"12",Florida,West Palm Beach
FL,Coral Springs,"1214400","121,096","8.4","( 8.3,  8.5)","8.3","( 8.2,  8.3)","36.6","(36.3, 36.8)","36","(35.7, 36.2)","(26.27017001580, -80.2592221493)",0400000US12,"12",Florida,West Palm Beach
FL,Davie,"1216475","91,992","8.1","( 8.0,  8.2)","8","( 7.9,  8.1)","35.3","(35.0, 35.6)","35.1","(34.8, 35.4)","(26.07893407780, -80.2869750311)",0400000US12,"12",Florida,West Palm Beach
FL,Deerfield Beach,"1216725","75,018","9","( 8.9,  9.1)","9.2","( 9.1,  9.3)","37","(36.7, 37.4)","38.5","(38.2, 38.8)","(26.30499664130, -80.1277706584)",0400000US12,"12",Florida,West Palm Beach
FL,Deltona,"1217200","85,182","8.9","( 8.8,  9.0)","8.9","( 8.8,  9.0)","38.1","(37.8, 38.4)","38.2","(37.9, 38.5)","(28.90506004800, -81.2134269839)",0400000US12,"12",Florida,West Palm Beach
FL,Fort Lauderdale,"1224000","165,521","8.8","( 8.7,  8.9)","8.8","( 8.7,  8.9)","37.4","(37.2, 37.6)","37.7","(37.5, 38.0)","(26.14182051740, -80.1471225502)",0400000US12,"12",Florida,West Palm Beach
FL,Gainesville,"1225175","124,354","9.1","( 8.9,  9.2)","8.7","( 8.6,  8.8)","37","(36.6, 37.4)","38.5","(38.1, 38.7)","(29.68170274310, -82.3452782660)",0400000US12,"12",Florida,West Palm Beach
FL,Hialeah,"1230000","224,669","7.1","( 7.0,  7.2)","7.2","( 7.1,  7.3)","33.9","(33.7, 34.1)","34.7","(34.5, 34.9)","(25.86962694800, -80.3045294666)",0400000US12,"12",Florida,West Palm Beach
FL,Hollywood,"1232000","140,768","8.4","( 8.3,  8.5)","8.5","( 8.4,  8.5)","36.9","(36.7, 37.1)","37.1","(36.9, 37.4)","(26.02870257030, -80.1683976059)",0400000US12,"12",Florida,West Palm Beach
FL,Jacksonville,"1235000","821,784","9.4","( 9.4,  9.5)","9.4","( 9.3,  9.4)","38.2","(38.1, 38.3)","38.1","(38.0, 38.2)","(30.33198201390, -81.6752266207)",0400000US12,"12",Florida,West Palm Beach
FL,Lakeland,"1238250","97,422","9.1","( 9.0,  9.2)","9.2","( 9.1,  9.3)","35","(34.7, 35.2)","36.7","(36.5, 37.0)","(28.05584826640, -81.9539536462)",0400000US12,"12",Florida,West Palm Beach
FL,Largo,"1239425","77,648","8.7","( 8.6,  8.8)","8.9","( 8.8,  9.0)","37.7","(37.4, 38.0)","39.8","(39.5, 40.1)","(27.90909077340, -82.7714203383)",0400000US12,"12",Florida,West Palm Beach
FL,Lauderhill,"1239550","66,887","10.9","(10.7, 11.1)","10.9","(10.7, 11.1)","44.3","(43.9, 44.7)","44.7","(44.3, 45.1)","(26.16055841870, -80.2241278263)",0400000US12,"12",Florida,West Palm Beach
FL,Melbourne,"1243975","76,068","8.5","( 8.4,  8.6)","8.6","( 8.5,  8.7)","35.3","(35.0, 35.7)","36.6","(36.3, 37.0)","(28.11588057820, -80.6508814613)",0400000US12,"12",Florida,West Palm Beach
FL,Miami,"1245000","399,457","7.6","( 7.5,  7.7)","7.6","( 7.6,  7.7)","34.8","(34.7, 35.0)","35.2","(35.0, 35.3)","(25.78229589700, -80.2215647762)",0400000US12,"12",Florida,West Palm Beach
FL,Miami Beach,"1245025","87,779","6.8","( 6.7,  6.9)","6.8","( 6.8,  6.9)","31.2","(30.9, 31.5)","31.1","(30.8, 31.4)","(25.81671016140, -80.1341952652)",0400000US12,"12",Florida,West Palm Beach
FL,Miami Gardens,"1245060","107,167","10","( 9.9, 10.2)","9.9","( 9.7, 10.1)","41.2","(40.9, 41.5)","41.3","(41.0, 41.7)","(25.94326338710, -80.2425332162)",0400000US12,"12",Florida,West Palm Beach
FL,Miramar,"1245975","122,041","8.7","( 8.6,  8.9)","8.6","( 8.5,  8.7)","39.9","(39.6, 40.2)","38.9","(38.6, 39.3)","(25.97732882330, -80.3357316003)",0400000US12,"12",Florida,West Palm Beach
FL,Orlando,"1253000","238,300","8.8","( 8.8,  8.9)","8.8","( 8.7,  8.8)","37.6","(37.4, 37.8)","37.1","(37.0, 37.3)","(28.48006467710, -81.3452411179)",0400000US12,"12",Florida,West Palm Beach
FL,Palm Bay,"1254000","103,190","8.8","( 8.7,  9.0)","8.9","( 8.7,  9.0)","37.4","(37.0, 37.7)","37.9","(37.5, 38.2)","(27.98382552490, -80.6666722846)",0400000US12,"12",Florida,West Palm Beach
FL,Palm Coast,"1254200","75,180","8.6","( 8.5,  8.7)","8.8","( 8.7,  8.9)","34.5","(34.2, 34.9)","36.2","(35.8, 36.5)","(29.54055909760, -81.2508206143)",0400000US12,"12",Florida,West Palm Beach
FL,Pembroke Pines,"1255775","154,750","7.9","( 7.8,  8.0)","7.9","( 7.9,  8.0)","35.8","(35.5, 36.0)","36.1","(35.9, 36.3)","(26.01273875340, -80.3384522664)",0400000US12,"12",Florida,West Palm Beach
FL,Plantation,"1257425","84,955","8.2","( 8.1,  8.3)","8.2","( 8.1,  8.3)","35.4","(35.1, 35.7)","35.5","(35.1, 35.8)","(26.12598539230, -80.2616762465)",0400000US12,"12",Florida,West Palm Beach
FL,Pompano Beach,"1258050","99,845","9.1","( 8.9,  9.2)","9.2","( 9.1,  9.3)","38.1","(37.8, 38.4)","39.3","(39.0, 39.6)","(26.24283356990, -80.1312451610)",0400000US12,"12",Florida,West Palm Beach
FL,Port St. Lucie,"1258715","164,603","8.6","( 8.5,  8.7)","8.7","( 8.5,  8.8)","37","(36.7, 37.3)","37.6","(37.2, 37.9)","(27.28086803080, -80.3832154574)",0400000US12,"12",Florida,West Palm Beach
FL,St. Petersburg,"1263000","244,769","9","( 8.9,  9.0)","9","( 8.9,  9.1)","39.8","(39.6, 40.0)","40.3","(40.1, 40.5)","(27.79289497100, -82.6650743239)",0400000US12,"12",Florida,West Palm Beach
FL,Sunrise,"1269700","84,439","8.8","( 8.7,  8.9)","8.9","( 8.8,  9.0)","38.1","(37.8, 38.4)","38.5","(38.3, 38.8)","(26.15468783030, -80.2998411020)",0400000US12,"12",Florida,West Palm Beach
FL,Tallahassee,"1270600","181,376","9.4","( 9.3,  9.5)","8.9","( 8.8,  8.9)","34","(33.7, 34.3)","34.2","(34.0, 34.5)","(30.45489512110, -84.2526459938)",0400000US12,"12",Florida,West Palm Beach
FL,Tampa,"1271000","335,709","8.9","( 8.9,  9.0)","8.8","( 8.8,  8.9)","35.6","(35.4, 35.7)","35.5","(35.4, 35.7)","(27.99619804100, -82.4450349799)",0400000US12,"12",Florida,West Palm Beach
FL,West Palm Beach,"1276600","99,919","8.7","( 8.6,  8.8)","8.7","( 8.6,  8.8)","40.6","(40.3, 40.8)","41.3","(41.0, 41.5)","(26.74787146550, -80.1337397544)",0400000US12,"12",Florida,West Palm Beach
GA,Albany,"1301052","77,434","11.3","(11.1, 11.5)","11.1","(10.9, 11.3)","47.1","(46.7, 47.5)","47.5","(47.1, 47.9)","(31.57760367660, -84.1763240815)",0400000US13,"13",Georgia,Warner Robins
GA,Athens,"1303440","115,452","9.8","( 9.7, 10.0)","9.5","( 9.4,  9.6)","37.3","(36.9, 37.8)","38.6","(38.3, 38.8)","(33.95081706830, -83.3689417445)",0400000US13,"13",Georgia,Warner Robins
GA,Atlanta,"1304000","420,003","9.4","( 9.3,  9.5)","9.3","( 9.3,  9.4)","38.4","(38.2, 38.5)","38.3","(38.1, 38.4)","(33.76265246830, -84.4231419055)",0400000US13,"13",Georgia,Warner Robins
GA,Augusta,"1304204","195,844","10.3","(10.2, 10.4)","10.2","(10.1, 10.3)","42.5","(42.3, 42.8)","42.8","(42.5, 43.0)","(33.36445615270, -82.0708396775)",0400000US13,"13",Georgia,Warner Robins
GA,Columbus,"1319000","189,885","10","( 9.9, 10.1)","9.9","( 9.9, 10.0)","41.4","(41.2, 41.6)","41.6","(41.3, 41.8)","(32.50996148520, -84.8770410586)",0400000US13,"13",Georgia,Warner Robins
GA,Johns Creek,"1342425","76,728","7.2","( 7.1,  7.3)","7.1","( 7.0,  7.2)","33.3","(33.0, 33.8)","32.1","(31.8, 32.5)","(34.03329919980, -84.2027195506)",0400000US13,"13",Georgia,Warner Robins
GA,Macon,"1349000","91,351","11.2","(11.1, 11.4)","11.2","(11.0, 11.3)","43.6","(43.3, 43.9)","44.1","(43.8, 44.4)","(32.83204176920, -83.6495823768)",0400000US13,"13",Georgia,Warner Robins
GA,Roswell,"1367284","88,346","7.9","( 7.7,  8.0)","7.8","( 7.7,  7.9)","32.7","(32.3, 33.1)","32.2","(31.9, 32.6)","(34.03913845830, -84.3512225277)",0400000US13,"13",Georgia,Warner Robins
GA,Sandy Springs,"1368516","93,853","8","( 7.9,  8.1)","8","( 7.9,  8.1)","33.4","(33.1, 33.7)","32.8","(32.5, 33.2)","(33.93666698670, -84.3703197084)",0400000US13,"13",Georgia,Warner Robins
GA,Savannah,"1369000","136,286","10","( 9.9, 10.1)","9.9","( 9.8, 10.0)","41.3","(41.0, 41.5)","41.9","(41.7, 42.1)","(32.02836151570, -81.1783435493)",0400000US13,"13",Georgia,Warner Robins
GA,Warner Robins,"1380508","66,588","9.8","( 9.7, 10.0)","9.8","( 9.6,  9.9)","39.1","(38.7, 39.5)","38.7","(38.3, 39.1)","(32.59851136090, -83.6530271267)",0400000US13,"13",Georgia,Warner Robins
HI,Honolulu,"15003","953,207","8.8","( 8.8,  8.9)","8.9","( 8.9,  8.9)","46.9","(46.8, 47.0)","47.4","(47.3, 47.5)","(21.45880393050, -157.973296737)",0400000US15,"15",Hawaii,Honolulu
ID,Boise City,"1608830","205,671","9.3","( 9.2,  9.4)","9.3","( 9.2,  9.3)","27.8","(27.5, 28.1)","27.8","(27.5, 28.0)","(43.59843438970, -116.230885189)",0400000US16,"16",Idaho,Nampa
ID,Meridian,"1652120","75,092","9.3","( 9.0,  9.5)","9.3","( 9.0,  9.5)","28.1","(27.5, 28.7)","27.5","(26.9, 28.1)","(43.61851953830, -116.397584870)",0400000US16,"16",Idaho,Nampa
ID,Nampa,"1656260","81,557","10.2","(10.0, 10.4)","10.2","(10.0, 10.3)","32.9","(32.5, 33.4)","32.9","(32.5, 33.3)","(43.58293156810, -116.564145085)",0400000US16,"16",Idaho,Nampa
IL,Arlington Heights,"1702154","75,101","7.8","( 7.7,  7.9)","7.9","( 7.8,  8.0)","29.3","(28.9, 29.6)","29.9","(29.6, 30.2)","(42.09562334200, -87.9825627457)",0400000US17,"17",Illinois,Waukegan
IL,Aurora,"1703012","197,899","9.1","( 9.0,  9.2)","9.1","( 9.0,  9.2)","35","(34.7, 35.2)","34","(33.8, 34.3)","(41.76377508370, -88.2900949057)",0400000US17,"17",Illinois,Waukegan
IL,Bloomington,"1706613","76,610","9.3","( 9.2,  9.4)","9.2","( 9.1,  9.4)","33.4","(33.0, 33.8)","33.1","(32.7, 33.5)","(40.47567783660, -88.9700813515)",0400000US17,"17",Illinois,Waukegan
IL,Bolingbrook,"1707133","73,366","9.1","( 9.0,  9.2)","9","( 8.9,  9.1)","34.6","(34.3, 34.9)","33.6","(33.3, 33.9)","(41.69116539080, -88.1011218035)",0400000US17,"17",Illinois,Waukegan
IL,Champaign,"1712385","81,055","9.5","( 9.3,  9.7)","9","( 8.9,  9.2)","30.4","(29.7, 31.0)","30.6","(30.2, 31.0)","(40.11510513610, -88.2729845986)",0400000US17,"17",Illinois,Waukegan
IL,Chicago,"1714000","2,695,598","9.2","( 9.1,  9.2)","9.1","( 9.1,  9.2)","36","(35.9, 36.0)","35.9","(35.8, 35.9)","(41.83729506150, -87.6862308732)",0400000US17,"17",Illinois,Waukegan
IL,Cicero,"1714351","83,891","8.4","( 8.3,  8.6)","8.4","( 8.2,  8.6)","36.3","(35.9, 36.6)","35.6","(35.2, 35.9)","(41.84453914300, -87.7592873023)",0400000US17,"17",Illinois,Waukegan
IL,Decatur,"1718823","76,122","10.6","(10.5, 10.7)","10.7","(10.6, 10.8)","34.3","(34.0, 34.6)","35.5","(35.2, 35.8)","(39.85558226450, -88.9336983421)",0400000US17,"17",Illinois,Waukegan
IL,Elgin,"1723074","108,188","8.8","( 8.7,  9.0)","8.8","( 8.7,  8.9)","34.4","(34.1, 34.7)","33.9","(33.6, 34.2)","(42.03854024720, -88.3224947104)",0400000US17,"17",Illinois,Waukegan
IL,Evanston,"1724582","74,486","8.3","( 8.2,  8.5)","8.3","( 8.1,  8.4)","31.1","(30.7, 31.5)","31.4","(31.1, 31.8)","(42.04630996490, -87.6940348773)",0400000US17,"17",Illinois,Waukegan
IL,Joliet,"1738570","147,433","9.8","( 9.7,  9.9)","9.8","( 9.7,  9.9)","34.8","(34.6, 35.1)","34.2","(34.0, 34.4)","(41.52063900370, -88.1507097756)",0400000US17,"17",Illinois,Waukegan
IL,Naperville,"1751622","141,853","8.1","( 8.0,  8.2)","8","( 7.9,  8.1)","30.1","(29.8, 30.4)","29.5","(29.3, 29.8)","(41.74820011450, -88.1657705099)",0400000US17,"17",Illinois,Waukegan
IL,Palatine,"1757225","68,557","7.9","( 7.8,  8.1)","7.9","( 7.8,  8.0)","31.3","(30.9, 31.6)","30.8","(30.4, 31.2)","(42.11806636950, -88.0429898820)",0400000US17,"17",Illinois,Waukegan
IL,Peoria,"1759000","115,007","10.3","(10.2, 10.4)","10.3","(10.2, 10.4)","33.7","(33.4, 34.0)","34.2","(33.9, 34.5)","(40.75156841460, -89.6152554580)",0400000US17,"17",Illinois,Waukegan
IL,Rockford,"1765000","152,871","10.4","(10.3, 10.4)","10.4","(10.3, 10.5)","38.8","(38.6, 39.0)","39.3","(39.1, 39.5)","(42.26331800150, -89.0625958362)",0400000US17,"17",Illinois,Waukegan
IL,Schaumburg,"1768003","74,227","7.7","( 7.6,  7.8)","7.7","( 7.6,  7.8)","31.7","(31.4, 32.0)","31.4","(31.1, 31.8)","(42.03054887550, -88.0838663543)",0400000US17,"17",Illinois,Waukegan
IL,Springfield,"1772000","116,250","10.1","(10.0, 10.2)","10.1","(10.0, 10.2)","34.2","(34.0, 34.5)","34.7","(34.4, 35.0)","(39.77164733220, -89.6540780049)",0400000US17,"17",Illinois,Waukegan
IL,Waukegan,"1779293","89,078","9.8","( 9.7,  9.9)","9.7","( 9.6,  9.8)","38.1","(37.8, 38.4)","37.5","(37.2, 37.8)","(42.37029555820, -87.8712595095)",0400000US17,"17",Illinois,Waukegan
IN,Bloomington,"1805860","80,405","10.3","(10.1, 10.6)","9.6","( 9.4,  9.7)","33","(32.4, 33.6)","33.8","(33.4, 34.3)","(39.16374582210, -86.5257124351)",0400000US18,"18",Indiana,South Bend
IN,Carmel,"1810342","79,191","8.5","( 8.4,  8.7)","8.5","( 8.4,  8.7)","29.8","(29.3, 30.3)","29.3","(28.9, 29.8)","(39.96584046130, -86.1461278461)",0400000US18,"18",Indiana,South Bend
IN,Evansville,"1822000","117,429","10.8","(10.7, 11.0)","10.8","(10.7, 11.0)","36.2","(36.0, 36.5)","36.9","(36.6, 37.1)","(37.98671580260, -87.5382707310)",0400000US18,"18",Indiana,South Bend
IN,Fishers,"1823278","76,794","8.8","( 8.6,  9.0)","8.7","( 8.6,  8.9)","31.3","(30.7, 31.9)","29.7","(29.1, 30.3)","(39.95876352630, -85.9693107020)",0400000US18,"18",Indiana,South Bend
IN,Fort Wayne,"1825000","253,691","10.6","(10.5, 10.7)","10.6","(10.5, 10.6)","32.8","(32.6, 32.9)","32.9","(32.8, 33.1)","(41.08849204170, -85.1435898792)",0400000US18,"18",Indiana,South Bend
IN,Gary,"1827000","80,294","12.6","(12.5, 12.8)","12.6","(12.5, 12.8)","48.1","(47.8, 48.4)","48.8","(48.5, 49.1)","(41.59047792390, -87.3472907397)",0400000US18,"18",Indiana,South Bend
IN,Hammond,"1831000","80,830","10.2","(10.1, 10.4)","10.2","(10.0, 10.3)","41.2","(40.9, 41.4)","41.1","(40.8, 41.4)","(41.61714428280, -87.4909551115)",0400000US18,"18",Indiana,South Bend
IN,Indianapolis,"1836003","820,445","11.3","(11.3, 11.4)","11.2","(11.2, 11.3)","36.4","(36.3, 36.5)","36.3","(36.2, 36.4)","(39.77712210750, -86.1457821520)",0400000US18,"18",Indiana,South Bend
IN,Lafayette,"1840788","67,140","10.4","(10.2, 10.5)","10.3","(10.1, 10.4)","34.3","(33.9, 34.7)","34.5","(34.1, 34.9)","(40.39942852850, -86.8617007404)",0400000US18,"18",Indiana,South Bend
IN,Muncie,"1851876","70,085","11.5","(11.3, 11.8)","11.2","(11.0, 11.4)","36.3","(35.7, 36.9)","37.8","(37.4, 38.2)","(40.19870983240, -85.3942940148)",0400000US18,"18",Indiana,South Bend
IN,South Bend,"1871000","101,168","10.3","(10.2, 10.4)","10.3","(10.2, 10.4)","40.4","(40.2, 40.7)","40.8","(40.6, 41.1)","(41.67699145490, -86.2690372417)",0400000US18,"18",Indiana,South Bend
IA,Cedar Rapids,"1912000","126,326","9.3","( 9.2,  9.4)","9.2","( 9.1,  9.4)","28.1","(27.8, 28.3)","28.4","(28.1, 28.6)","(41.96672925800, -91.6781679349)",0400000US19,"19",Iowa,Waterloo
IA,Davenport,"1919000","99,685","10.2","(10.1, 10.3)","10.1","(10.0, 10.2)","30.3","(30.0, 30.5)","30.6","(30.3, 30.8)","(41.55579268760, -90.6051730163)",0400000US19,"19",Iowa,Waterloo
IA,Des Moines,"1921000","203,433","9.7","( 9.6,  9.8)","9.6","( 9.5,  9.7)","32.7","(32.5, 32.9)","32.7","(32.5, 32.8)","(41.57413495250, -93.6165066086)",0400000US19,"19",Iowa,Waterloo
IA,Iowa City,"1938595","67,862","9.4","( 9.2,  9.7)","8.9","( 8.7,  9.0)","27.1","(26.5, 27.7)","27.5","(27.1, 27.9)","(41.65589503320, -91.5308854927)",0400000US19,"19",Iowa,Waterloo
IA,Sioux City,"1973335","82,684","9.8","( 9.6,  9.9)","9.7","( 9.6,  9.9)","28.9","(28.6, 29.2)","29.3","(29.0, 29.6)","(42.49631490390, -96.3913834837)",0400000US19,"19",Iowa,Waterloo
IA,Waterloo,"1982425","68,406","9.8","( 9.6,  9.9)","9.8","( 9.6,  9.9)","29.9","(29.6, 30.2)","30.4","(30.1, 30.7)","(42.49197369320, -92.3521759342)",0400000US19,"19",Iowa,Waterloo
KS,Kansas City,"2036000","145,786","10.4","(10.3, 10.5)","10.3","(10.2, 10.4)","37","(36.8, 37.1)","36.9","(36.7, 37.0)","(39.12346214090, -94.7441921112)",0400000US20,"20",Kansas,Wichita
KS,Lawrence,"2038900","87,643","9.5","( 9.3,  9.7)","9","( 8.9,  9.2)","29.2","(28.6, 29.7)","29.6","(29.2, 29.9)","(38.95993029240, -95.2628259088)",0400000US20,"20",Kansas,Wichita
KS,Olathe,"2052575","125,872","8.7","( 8.6,  8.8)","8.7","( 8.6,  8.8)","27.6","(27.3, 27.9)","26.7","(26.4, 27.0)","(38.88469302100, -94.8192070197)",0400000US20,"20",Kansas,Wichita
KS,Overland Park,"2053775","173,372","8.3","( 8.3,  8.4)","8.3","( 8.2,  8.4)","25.7","(25.5, 25.9)","25.6","(25.4, 25.8)","(38.88729225750, -94.6872267067)",0400000US20,"20",Kansas,Wichita
KS,Topeka,"2071000","127,473","9.9","( 9.8, 10.0)","9.9","( 9.8, 10.0)","32.5","(32.3, 32.7)","33.1","(32.9, 33.3)","(39.03595499110, -95.6954155341)",0400000US20,"20",Kansas,Wichita
KS,Wichita,"2079000","382,368","9.4","( 9.3,  9.4)","9.3","( 9.3,  9.4)","35.5","(35.4, 35.7)","35.6","(35.5, 35.8)","(37.69056147800, -97.3429366807)",0400000US20,"20",Kansas,Wichita
KY,Lexington,"2146027","295,803","10.4","(10.3, 10.4)","10.2","(10.1, 10.3)","39.3","(39.0, 39.5)","39.2","(39.0, 39.5)","(38.04232540220, -84.4587259608)",0400000US21,"21",Kentucky,Louisville
KY,Louisville,"2148006","597,337","10.8","(10.8, 10.9)","10.8","(10.7, 10.8)","37.9","(37.8, 38.0)","38","(37.9, 38.1)","(38.17776899180, -85.6664099974)",0400000US21,"21",Kentucky,Louisville
LA,Baton Rouge,"2205000","229,493","9.8","( 9.7,  9.9)","9.6","( 9.6,  9.7)","37.9","(37.6, 38.1)","38.6","(38.4, 38.8)","(30.45108916790, -91.1263551997)",0400000US22,"22",Louisiana,Shreveport
LA,Kenner,"2239475","66,702","8.9","( 8.7,  9.0)","8.8","( 8.7,  9.0)","38.4","(38.1, 38.8)","38.6","(38.3, 38.9)","(30.01069372010, -90.2550320135)",0400000US22,"22",Louisiana,Shreveport
LA,Lafayette,"2240735","120,623","9.5","( 9.4,  9.7)","9.4","( 9.3,  9.5)","37.2","(36.9, 37.6)","37.7","(37.3, 38.1)","(30.21205828150, -92.0317532321)",0400000US22,"22",Louisiana,Shreveport
LA,Lake Charles,"2241155","71,993","10","( 9.9, 10.2)","10","( 9.8, 10.1)","41.3","(41.0, 41.7)","42.1","(41.7, 42.4)","(30.20306799660, -93.2148796496)",0400000US22,"22",Louisiana,Shreveport
LA,New Orleans,"2255000","343,829","9.9","( 9.8, 10.0)","9.8","( 9.7,  9.8)","40.7","(40.6, 40.9)","40.8","(40.7, 40.9)","(30.06870099350, -89.9316317895)",0400000US22,"22",Louisiana,Shreveport
LA,Shreveport,"2270000","199,311","10","( 9.9, 10.1)","10","( 9.9, 10.1)","38.1","(37.9, 38.3)","38.6","(38.4, 38.8)","(32.46716188640, -93.7962236108)",0400000US22,"22",Louisiana,Shreveport
ME,Portland,"2360545","66,194","10.3","(10.2, 10.5)","10.3","(10.2, 10.5)","31.5","(31.2, 31.9)","31.6","(31.2, 31.9)","(43.67798362710, -70.2752544531)",0400000US23,"23",Maine,Portland
MD,Baltimore,"2404000","620,961","11.3","(11.2, 11.4)","11.2","(11.2, 11.3)","43","(42.8, 43.1)","43.2","(43.1, 43.3)","(39.30845239910, -76.6160492311)",0400000US24,"24",Maryland,Baltimore
MA,Boston,"2507000","617,594","11.1","(11.0, 11.2)","10.9","(10.9, 11.0)","35.5","(35.4, 35.7)","36","(35.9, 36.1)","(42.31557967770, -71.0916505804)",0400000US25,"25",Massachusetts,Worcester
MA,Brockton,"2509000","93,810","12.9","(12.7, 13.0)","12.8","(12.7, 13.0)","44.3","(44.1, 44.5)","44.4","(44.1, 44.6)","(42.08207137200, -71.0241656338)",0400000US25,"25",Massachusetts,Worcester
MA,Cambridge,"2511000","105,162","9.7","( 9.6,  9.9)","9.6","( 9.6,  9.7)","31.9","(31.5, 32.2)","31.8","(31.6, 32.1)","(42.37581880510, -71.1183992378)",0400000US25,"25",Massachusetts,Worcester
MA,Fall River,"2523000","88,857","12.6","(12.4, 12.8)","12.6","(12.4, 12.8)","39.7","(39.5, 40.0)","40.3","(40.0, 40.6)","(41.71399075980, -71.0996396919)",0400000US25,"25",Massachusetts,Worcester
MA,Lawrence,"2534550","76,377","11.3","(11.1, 11.5)","11.2","(11.1, 11.4)","40.5","(40.1, 40.8)","40.2","(39.9, 40.6)","(42.70027722010, -71.1626790341)",0400000US25,"25",Massachusetts,Worcester
MA,Lowell,"2537000","106,519","10.8","(10.6, 10.9)","10.7","(10.5, 10.8)","36.7","(36.5, 37.0)","36.6","(36.4, 36.9)","(42.63887273310, -71.3217143960)",0400000US25,"25",Massachusetts,Worcester
MA,Lynn,"2537490","90,329","11.7","(11.6, 11.8)","11.6","(11.5, 11.8)","39.7","(39.4, 39.9)","39.7","(39.4, 39.9)","(42.47833228810, -70.9662372538)",0400000US25,"25",Massachusetts,Worcester
MA,New Bedford,"2545000","95,072","12.6","(12.5, 12.8)","12.7","(12.5, 12.8)","40.3","(40.0, 40.5)","40.8","(40.6, 41.1)","(41.67126672580, -70.9441204537)",0400000US25,"25",Massachusetts,Worcester
MA,Newton,"2545560","85,146","9.4","( 9.2,  9.5)","9.3","( 9.2,  9.4)","29","(28.6, 29.3)","29.8","(29.5, 30.1)","(42.33165676160, -71.2084466944)",0400000US25,"25",Massachusetts,Worcester
MA,Quincy,"2555745","92,271","9.7","( 9.6,  9.8)","9.7","( 9.6,  9.9)","34.2","(33.9, 34.6)","34.4","(34.1, 34.7)","(42.24929819180, -71.0218764062)",0400000US25,"25",Massachusetts,Worcester
MA,Somerville,"2562535","75,754","10.1","( 9.9, 10.2)","10","( 9.9, 10.2)","32.4","(31.9, 32.8)","32.1","(31.7, 32.4)","(42.39057388580, -71.1017450879)",0400000US25,"25",Massachusetts,Worcester
MA,Springfield,"2567000","153,060","12.1","(12.0, 12.2)","12","(11.9, 12.1)","38.9","(38.7, 39.1)","39.2","(39.0, 39.4)","(42.11549779990, -72.5395254143)",0400000US25,"25",Massachusetts,Worcester
MA,Worcester,"2582000","181,045","11.6","(11.5, 11.7)","11.5","(11.4, 11.6)","38.2","(37.9, 38.4)","38.6","(38.4, 38.8)","(42.27054254460, -71.8079404584)",0400000US25,"25",Massachusetts,Worcester
MI,Ann Arbor,"2603000","113,934","9.8","( 9.6,  9.9)","9.2","( 9.1,  9.3)","31.1","(30.6, 31.5)","31.1","(30.8, 31.4)","(42.27568335670, -83.7311374448)",0400000US26,"26",Michigan,Wyoming
MI,Dearborn,"2621000","98,153","11.8","(11.6, 12.0)","11.8","(11.6, 12.0)","39.4","(39.0, 39.7)","39.7","(39.4, 40.1)","(42.31268846260, -83.2129368006)",0400000US26,"26",Michigan,Wyoming
MI,Detroit,"2622000","713,777","14.3","(14.2, 14.4)","14.2","(14.1, 14.3)","49.8","(49.7, 49.9)","50.1","(50.0, 50.2)","(42.38470156310, -83.1053178776)",0400000US26,"26",Michigan,Wyoming
MI,Farmington Hills,"2627440","79,740","9.6","( 9.5,  9.7)","9.7","( 9.6,  9.8)","33.2","(32.9, 33.5)","33.8","(33.5, 34.1)","(42.48599569920, -83.3771159714)",0400000US26,"26",Michigan,Wyoming
MI,Flint,"2629000","102,434","13.2","(13.1, 13.3)","13.1","(13.0, 13.2)","48.7","(48.5, 49.0)","48.8","(48.6, 49.0)","(43.02363393860, -83.6920640313)",0400000US26,"26",Michigan,Wyoming
MI,Grand Rapids,"2634000","188,040","10.7","(10.6, 10.8)","10.7","(10.6, 10.8)","36.1","(35.8, 36.3)","36.5","(36.3, 36.7)","(42.96148154140, -85.6556858473)",0400000US26,"26",Michigan,Wyoming
MI,Kalamazoo,"2642160","74,262","11.5","(11.3, 11.8)","11.3","(11.1, 11.4)","38.3","(37.8, 38.9)","39.4","(39.1, 39.8)","(42.27487564740, -85.5881885760)",0400000US26,"26",Michigan,Wyoming
MI,Lansing,"2646000","114,297","11.4","(11.3, 11.5)","11.3","(11.2, 11.4)","39.9","(39.6, 40.1)","39.7","(39.5, 40.0)","(42.70907117510, -84.5584470022)",0400000US26,"26",Michigan,Wyoming
MI,Livonia,"2649000","96,942","10.2","(10.0, 10.3)","10.3","(10.1, 10.4)","35.6","(35.3, 35.9)","36.4","(36.1, 36.7)","(42.39715927370, -83.3733073683)",0400000US26,"26",Michigan,Wyoming
MI,Rochester Hills,"2669035","70,995","9.2","( 9.1,  9.3)","9.2","( 9.1,  9.3)","31.8","(31.5, 32.2)","32.1","(31.7, 32.5)","(42.66452567680, -83.1563037157)",0400000US26,"26",Michigan,Wyoming
MI,Southfield,"2674900","71,739","11.7","(11.5, 11.8)","11.8","(11.6, 11.9)","39.4","(39.1, 39.8)","40.4","(40.0, 40.7)","(42.47650162670, -83.2605284738)",0400000US26,"26",Michigan,Wyoming
MI,Sterling Heights,"2676460","129,699","10.5","(10.4, 10.7)","10.5","(10.4, 10.7)","37.2","(36.9, 37.5)","37.6","(37.3, 38.0)","(42.58098528300, -83.0303680858)",0400000US26,"26",Michigan,Wyoming
MI,Troy,"2680700","80,980","8.9","( 8.7,  9.0)","8.8","( 8.7,  8.9)","32.3","(32.0, 32.6)","32.5","(32.2, 32.8)","(42.58173403580, -83.1457545154)",0400000US26,"26",Michigan,Wyoming
MI,Warren,"2684000","134,056","11.1","(11.0, 11.2)","11.2","(11.1, 11.3)","39.1","(38.9, 39.3)","39.9","(39.6, 40.1)","(42.49342330340, -83.0270075248)",0400000US26,"26",Michigan,Wyoming
MI,Westland,"2686000","84,094","11.5","(11.3, 11.6)","11.5","(11.3, 11.6)","40.1","(39.9, 40.4)","40.4","(40.2, 40.7)","(42.31922204550, -83.3805461719)",0400000US26,"26",Michigan,Wyoming
MI,Wyoming,"2688940","72,125","10.5","(10.3, 10.7)","10.4","(10.2, 10.6)","36","(35.6, 36.4)","35.6","(35.3, 36.0)","(42.89097456610, -85.7067229249)",0400000US26,"26",Michigan,Wyoming
MN,Bloomington,"2706616","82,893","7.5","( 7.4,  7.6)","7.6","( 7.5,  7.7)","27.6","(27.3, 27.9)","28.4","(28.2, 28.7)","(44.83058524290, -93.3150995817)",0400000US27,"27",Minnesota,St. Paul
MN,Brooklyn Park,"2707966","75,781","8.1","( 8.0,  8.2)","8","( 7.8,  8.1)","32.3","(32.0, 32.6)","31.6","(31.3, 31.9)","(45.11120339160, -93.3505067942)",0400000US27,"27",Minnesota,St. Paul
MN,Duluth,"2717000","86,265","8.6","( 8.5,  8.7)","8.5","( 8.4,  8.6)","32.3","(31.9, 32.6)","33.3","(33.0, 33.7)","(46.78547034270, -92.1342013763)",0400000US27,"27",Minnesota,St. Paul
MN,Minneapolis,"2743000","382,578","8.2","( 8.1,  8.2)","8","( 7.9,  8.0)","30.4","(30.3, 30.6)","30","(29.9, 30.2)","(44.96354079670, -93.2678345304)",0400000US27,"27",Minnesota,St. Paul
MN,Plymouth,"2751730","70,576","7.2","( 7.1,  7.3)","7.1","( 7.0,  7.3)","26.8","(26.4, 27.2)","26.7","(26.3, 27.0)","(45.02246287400, -93.4616016242)",0400000US27,"27",Minnesota,St. Paul
MN,Rochester,"2754880","106,769","7.8","( 7.7,  7.9)","7.8","( 7.7,  7.9)","31.4","(31.1, 31.7)","31.4","(31.1, 31.7)","(44.01505743840, -92.4775005494)",0400000US27,"27",Minnesota,St. Paul
MN,St. Paul,"2758000","285,068","8.3","( 8.3,  8.4)","8.2","( 8.2,  8.3)","30.5","(30.4, 30.7)","30.4","(30.3, 30.6)","(44.94774025580, -93.1039958305)",0400000US27,"27",Minnesota,St. Paul
MS,Gulfport,"2829700","67,793","10.1","(10.0, 10.3)","10","( 9.9, 10.2)","38.2","(37.8, 38.5)","38.2","(37.9, 38.5)","(30.42737700800, -89.0701908439)",0400000US28,"28",Mississippi,Jackson
MS,Jackson,"2836000","173,514","11.3","(11.2, 11.4)","11.2","(11.0, 11.3)","40.5","(40.3, 40.8)","40.6","(40.3, 40.8)","(32.31627222000, -90.2124528561)",0400000US28,"28",Mississippi,Jackson
MO,Columbia,"2915670","108,500","9.7","( 9.5,  9.9)","9.2","( 9.1,  9.4)","31.7","(31.1, 32.3)","32.1","(31.6, 32.6)","(38.94811096510, -92.3260129764)",0400000US29,"29",Missouri,Springfield
MO,Independence,"2935000","116,830","9.3","( 9.2,  9.4)","9.3","( 9.2,  9.4)","36.3","(36.1, 36.6)","37","(36.7, 37.2)","(39.08707947710, -94.3502748237)",0400000US29,"29",Missouri,Springfield
MO,Kansas City,"2938000","459,787","9.6","( 9.6,  9.7)","9.5","( 9.5,  9.6)","38.4","(38.2, 38.5)","38.2","(38.1, 38.4)","(39.12394139710, -94.5541236795)",0400000US29,"29",Missouri,Springfield
MO,Lee's Summit,"2941348","91,364","8.4","( 8.3,  8.6)","8.4","( 8.3,  8.6)","33.9","(33.5, 34.3)","33.7","(33.3, 34.1)","(38.91705081280, -94.3814865856)",0400000US29,"29",Missouri,Springfield
MO,O'Fallon,"2954074","79,329","8.7","( 8.5,  8.8)","8.6","( 8.5,  8.8)","33.4","(33.0, 33.8)","32.6","(32.2, 33.0)","(38.78522441610, -90.7176856736)",0400000US29,"29",Missouri,Springfield
MO,St. Joseph,"2964550","76,780","10","( 9.8, 10.1)","10","( 9.8, 10.1)","34.8","(34.4, 35.1)","35.3","(34.9, 35.6)","(39.75983121790, -94.8209246813)",0400000US29,"29",Missouri,Springfield
MO,St. Louis,"2965000","319,294","10.6","(10.5, 10.6)","10.5","(10.4, 10.6)","37.7","(37.5, 37.8)","37.7","(37.6, 37.9)","(38.63581226150, -90.2451186799)",0400000US29,"29",Missouri,Springfield
MO,Springfield,"2970000","159,498","9.8","( 9.7,  9.9)","9.7","( 9.6,  9.8)","32.5","(32.2, 32.7)","33.5","(33.2, 33.7)","(37.19426614840, -93.2914273656)",0400000US29,"29",Missouri,Springfield
MT,Billings,"3006550","104,170","9.5","( 9.4,  9.6)","9.5","( 9.4,  9.6)","30.4","(30.1, 30.7)","31","(30.6, 31.3)","(45.78931026090, -108.548827840)",0400000US30,"30",Montana,Missoula
MT,Missoula,"3050200","66,788","9.4","( 9.2,  9.6)","9.2","( 9.1,  9.4)","28.1","(27.5, 28.6)","28.5","(28.0, 28.9)","(46.86944024550, -114.009863843)",0400000US30,"30",Montana,Missoula
NE,Lincoln,"3128000","258,379","8.8","( 8.7,  8.9)","8.6","( 8.6,  8.7)","28","(27.8, 28.2)","28.3","(28.1, 28.4)","(40.80961956950, -96.6806742049)",0400000US31,"31",Nebraska,Omaha
NE,Omaha,"3137000","408,958","8.6","( 8.6,  8.7)","8.6","( 8.5,  8.6)","31.7","(31.6, 31.9)","31.8","(31.7, 32.0)","(41.26423091110, -96.0415076441)",0400000US31,"31",Nebraska,Omaha
NV,Henderson,"3231900","257,729","9.7","( 9.6,  9.7)","9.6","( 9.6,  9.7)","38","(37.8, 38.2)","38.2","(38.0, 38.4)","(36.01223949160, -115.037392161)",0400000US32,"32",Nevada,Sparks
NV,Las Vegas,"3240000","583,756","10.1","(10.0, 10.1)","10","(10.0, 10.1)","40.6","(40.5, 40.7)","40.5","(40.4, 40.6)","(36.22741484380, -115.262670095)",0400000US32,"32",Nevada,Sparks
NV,North Las Vegas,"3251800","216,961","10.5","(10.5, 10.6)","10.4","(10.4, 10.5)","43.1","(43.0, 43.3)","42.3","(42.2, 42.5)","(36.28919935620, -115.088496088)",0400000US32,"32",Nevada,Sparks
NV,Reno,"3260600","225,221","9.9","( 9.8, 10.0)","9.8","( 9.7,  9.9)","33.5","(33.3, 33.7)","33.7","(33.5, 33.8)","(39.55401719980, -119.852733516)",0400000US32,"32",Nevada,Sparks
NV,Sparks,"3268400","90,264","10","( 9.9, 10.1)","9.9","( 9.8, 10.0)","33.9","(33.6, 34.2)","33.8","(33.5, 34.1)","(39.57337327600, -119.713134168)",0400000US32,"32",Nevada,Sparks
NH,Manchester,"3345140","109,565","11.2","(11.1, 11.4)","11.2","(11.1, 11.3)","36","(35.7, 36.3)","36","(35.7, 36.3)","(42.98445417130, -71.4445313287)",0400000US33,"33",New Hampshire,Nashua
NH,Nashua,"3350260","86,494","10.7","(10.6, 10.9)","10.7","(10.5, 10.9)","35.1","(34.7, 35.4)","35.1","(34.8, 35.5)","(42.74915544590, -71.4909587631)",0400000US33,"33",New Hampshire,Nashua
NJ,Camden,"3410000","77,344","11.2","(11.0, 11.4)","11","(10.9, 11.2)","49.8","(49.5, 50.1)","49.6","(49.3, 49.9)","(39.93619100660, -75.1072961899)",0400000US34,"34",New Jersey,Union City
NJ,Clifton,"3413690","84,136","8.3","( 8.2,  8.4)","8.3","( 8.2,  8.4)","36.7","(36.3, 37.0)","36.9","(36.6, 37.2)","(40.86312174250, -74.1575145342)",0400000US34,"34",New Jersey,Union City
NJ,Elizabeth,"3421000","124,969","9.1","( 9.0,  9.2)","9","( 8.9,  9.1)","44","(43.7, 44.2)","43.5","(43.2, 43.7)","(40.66644477290, -74.1938679138)",0400000US34,"34",New Jersey,Union City
NJ,Jersey City,"3436000","247,597","8.5","( 8.4,  8.6)","8.5","( 8.5,  8.6)","43.6","(43.4, 43.8)","43","(42.8, 43.1)","(40.71881308520, -74.0687740635)",0400000US34,"34",New Jersey,Union City
NJ,Newark,"3451000","277,140","11.2","(11.1, 11.2)","11.1","(11.0, 11.1)","49.4","(49.2, 49.6)","48.9","(48.8, 49.1)","(40.72606934490, -74.1752997118)",0400000US34,"34",New Jersey,Union City
NJ,Passaic,"3456550","69,781","9.2","( 9.0,  9.4)","9.1","( 8.9,  9.3)","41.6","(41.1, 42.0)","41.2","(40.7, 41.6)","(40.85745811090, -74.1281123174)",0400000US34,"34",New Jersey,Union City
NJ,Paterson,"3457000","146,199","9.9","( 9.8, 10.0)","9.8","( 9.7,  9.9)","43.5","(43.3, 43.7)","43.1","(42.9, 43.3)","(40.91468749770, -74.1624181271)",0400000US34,"34",New Jersey,Union City
NJ,Trenton,"3474000","84,913","10.7","(10.6, 10.9)","10.7","(10.5, 10.8)","45.7","(45.4, 45.9)","45.2","(44.9, 45.5)","(40.22372899810, -74.7639943311)",0400000US34,"34",New Jersey,Union City
NJ,Union City,"3474630","66,455","8.4","( 8.2,  8.5)","8.3","( 8.2,  8.5)","42.3","(41.9, 42.7)","42","(41.6, 42.4)","(40.76746068840, -74.0322935070)",0400000US34,"34",New Jersey,Union City
NM,Albuquerque,"3502000","545,852","10","(10.0, 10.1)","10","( 9.9, 10.0)","32.3","(32.1, 32.4)","32.4","(32.3, 32.5)","(35.10550257710, -106.647447696)",0400000US35,"35",New Mexico,Santa Fe
NM,Las Cruces,"3539380","97,618","9.6","( 9.5,  9.8)","9.6","( 9.4,  9.7)","31.5","(31.2, 31.8)","32.2","(31.9, 32.5)","(32.32663879700, -106.789465579)",0400000US35,"35",New Mexico,Santa Fe
NM,Rio Rancho,"3563460","87,521","9.6","( 9.5,  9.8)","9.6","( 9.5,  9.7)","31.6","(31.2, 31.9)","31.3","(31.0, 31.7)","(35.28730793500, -106.697981552)",0400000US35,"35",New Mexico,Santa Fe
NM,Santa Fe,"3570500","67,947","9","( 8.9,  9.2)","9","( 8.9,  9.2)","27.1","(26.8, 27.4)","27.8","(27.5, 28.1)","(35.66627196010, -105.972662995)",0400000US35,"35",New Mexico,Santa Fe
NY,Albany,"3601000","97,856","10.8","(10.6, 10.9)","10.7","(10.5, 10.8)","37.7","(37.4, 38.0)","38.7","(38.4, 39.0)","(42.66639696040, -73.7986826267)",0400000US36,"36",New York,Yonkers
NY,Buffalo,"3611000","261,310","12","(11.9, 12.0)","11.8","(11.8, 11.9)","42.4","(42.2, 42.5)","42.7","(42.6, 42.9)","(42.90145182330, -78.8475237264)",0400000US36,"36",New York,Yonkers
NY,Mount Vernon,"3649121","67,292","11.6","(11.4, 11.7)","11.6","(11.4, 11.7)","41.1","(40.8, 41.4)","41.3","(41.0, 41.7)","(40.91360085690, -73.8291001676)",0400000US36,"36",New York,Yonkers
NY,New Rochelle,"3650617","77,062","9.6","( 9.5,  9.8)","9.6","( 9.5,  9.8)","34.9","(34.5, 35.2)","35.5","(35.2, 35.8)","(40.93217131410, -73.7843883178)",0400000US36,"36",New York,Yonkers
NY,New York,"3651000","8,175,133","9.7","( 9.7,  9.7)","9.6","( 9.6,  9.7)","39.8","(39.8, 39.9)","39.9","(39.8, 39.9)","(40.69496068900, -73.9313850409)",0400000US36,"36",New York,Yonkers
NY,Rochester,"3663000","210,565","12","(12.0, 12.1)","11.9","(11.8, 12.0)","39.7","(39.5, 39.8)","39.7","(39.5, 39.9)","(43.16798029180, -77.6162348882)",0400000US36,"36",New York,Yonkers
NY,Schenectady,"3665508","66,135","11.2","(11.1, 11.4)","11.2","(11.0, 11.3)","40.9","(40.6, 41.2)","41.2","(40.9, 41.5)","(42.80252044140, -73.9275333869)",0400000US36,"36",New York,Yonkers
NY,Syracuse,"3673000","145,170","11.7","(11.6, 11.9)","11.6","(11.5, 11.7)","39.7","(39.4, 40.0)","40.4","(40.2, 40.6)","(43.04092020970, -76.1437679213)",0400000US36,"36",New York,Yonkers
NY,Yonkers,"3684000","195,976","9.8","( 9.7,  9.9)","9.8","( 9.7,  9.9)","36.3","(36.1, 36.5)","36.7","(36.6, 36.9)","(40.94650255970, -73.8636959965)",0400000US36,"36",New York,Yonkers
NC,Asheville,"3702140","83,393","9.3","( 9.1,  9.4)","9.3","( 9.2,  9.4)","30.1","(29.8, 30.5)","30.8","(30.5, 31.1)","(35.57082513910, -82.5537350816)",0400000US37,"37",North Carolina,Winston-Salem
NC,Cary,"3710740","135,234","8.1","( 8.0,  8.2)","8.1","( 8.0,  8.1)","30.1","(29.9, 30.4)","29.3","(29.0, 29.5)","(35.78149787220, -78.8152191642)",0400000US37,"37",North Carolina,Winston-Salem
NC,Charlotte,"3712000","731,424","9.6","( 9.5,  9.6)","9.5","( 9.4,  9.5)","33.4","(33.3, 33.5)","32.8","(32.7, 32.9)","(35.20787219690, -80.8300754645)",0400000US37,"37",North Carolina,Winston-Salem
NC,Concord,"3714100","79,066","9.7","( 9.6,  9.9)","9.7","( 9.6,  9.9)","32.8","(32.4, 33.1)","32.4","(32.0, 32.7)","(35.39393169580, -80.6352429349)",0400000US37,"37",North Carolina,Winston-Salem
NC,Durham,"3719000","228,330","10.1","(10.0, 10.2)","10","( 9.9, 10.1)","34.4","(34.1, 34.6)","34","(33.8, 34.2)","(35.98091474020, -78.9059161097)",0400000US37,"37",North Carolina,Winston-Salem
NC,Fayetteville,"3722920","200,564","10.5","(10.4, 10.6)","10.3","(10.3, 10.4)","38.3","(38.1, 38.5)","38.5","(38.3, 38.7)","(35.08513095270, -78.9791676456)",0400000US37,"37",North Carolina,Winston-Salem
NC,Gastonia,"3725580","71,741","10.5","(10.3, 10.6)","10.5","(10.4, 10.6)","37.3","(37.0, 37.5)","37.6","(37.3, 37.8)","(35.24729844310, -81.1836588468)",0400000US37,"37",North Carolina,Winston-Salem
NC,Greensboro,"3728000","269,666","10.3","(10.2, 10.4)","10.1","(10.0, 10.2)","35.6","(35.4, 35.8)","35.8","(35.6, 36.0)","(36.09604804150, -79.8276833061)",0400000US37,"37",North Carolina,Winston-Salem
NC,Greenville,"3728080","84,554","10.6","(10.4, 10.8)","10.3","(10.2, 10.4)","37.9","(37.4, 38.5)","39.2","(38.9, 39.6)","(35.59592118760, -77.3766133673)",0400000US37,"37",North Carolina,Winston-Salem
NC,High Point,"3731400","104,371","10.3","(10.2, 10.4)","10.2","(10.1, 10.4)","36","(35.7, 36.2)","36.1","(35.8, 36.3)","(35.98812438030, -79.9932956384)",0400000US37,"37",North Carolina,Winston-Salem
NC,Jacksonville,"3734200","70,145","9.4","( 9.2,  9.6)","9.7","( 9.5,  9.8)","37","(36.1, 37.8)","38.9","(38.5, 39.4)","(34.73311030370, -77.3951822819)",0400000US37,"37",North Carolina,Winston-Salem
NC,Raleigh,"3755000","403,892","9.4","( 9.3,  9.5)","9.2","( 9.2,  9.3)","33.1","(32.9, 33.3)","32.7","(32.5, 32.8)","(35.83220809330, -78.6440243809)",0400000US37,"37",North Carolina,Winston-Salem
NC,Wilmington,"3774440","106,476","9.8","( 9.6, 10.0)","9.7","( 9.5,  9.8)","31.6","(31.2, 32.0)","32.4","(32.0, 32.7)","(34.21027585690, -77.8872842368)",0400000US37,"37",North Carolina,Winston-Salem
NC,Winston-Salem,"3775000","229,617","10.3","(10.2, 10.4)","10.2","(10.1, 10.3)","35.9","(35.7, 36.1)","36.2","(36.0, 36.4)","(36.10294530390, -80.2609889241)",0400000US37,"37",North Carolina,Winston-Salem
ND,Fargo,"3825700","105,549","8.5","( 8.4,  8.6)","8.3","( 8.2,  8.5)","27.3","(26.9, 27.6)","27.6","(27.2, 28.0)","(46.86524578320, -96.8289882328)",0400000US38,"38",North Dakota,Fargo
OH,Akron,"3901000","199,110","10.9","(10.8, 11.0)","10.8","(10.7, 10.9)","42.9","(42.7, 43.1)","43.4","(43.2, 43.6)","(41.08014449420, -81.5219213688)",0400000US39,"39",Ohio,Youngstown
OH,Canton,"3912000","73,007","11.2","(11.1, 11.4)","11.2","(11.1, 11.4)","42","(41.6, 42.3)","42.4","(42.1, 42.7)","(40.80801926620, -81.3676594998)",0400000US39,"39",Ohio,Youngstown
OH,Cincinnati,"3915000","296,943","11.1","(11.0, 11.2)","11","(10.9, 11.0)","42.6","(42.5, 42.8)","42.9","(42.8, 43.1)","(39.14117471240, -84.5060004524)",0400000US39,"39",Ohio,Youngstown
OH,Cleveland,"3916000","396,815","11.8","(11.8, 11.9)","11.7","(11.7, 11.8)","42.5","(42.4, 42.6)","42.6","(42.5, 42.8)","(41.47653458210, -81.6805494865)",0400000US39,"39",Ohio,Youngstown
OH,Columbus,"3918000","787,033","10.1","(10.0, 10.1)","10","( 9.9, 10.0)","39.1","(38.9, 39.2)","38.9","(38.8, 39.0)","(39.98595004840, -82.9851738516)",0400000US39,"39",Ohio,Youngstown
OH,Dayton,"3921000","141,527","11.8","(11.7, 11.9)","11.7","(11.6, 11.8)","44.7","(44.4, 45.0)","45.2","(44.9, 45.4)","(39.77976803900, -84.1997930517)",0400000US39,"39",Ohio,Youngstown
OH,Parma,"3961000","81,601","9.5","( 9.4,  9.6)","9.6","( 9.5,  9.7)","34","(33.7, 34.3)","34.8","(34.5, 35.1)","(41.38423998380, -81.7285991530)",0400000US39,"39",Ohio,Youngstown
OH,Toledo,"3977000","287,208","10.7","(10.7, 10.8)","10.7","(10.6, 10.7)","42.9","(42.8, 43.1)","43.3","(43.2, 43.5)","(41.66373996040, -83.5823818449)",0400000US39,"39",Ohio,Youngstown
OH,Youngstown,"3988000","66,982","11.5","(11.3, 11.6)","11.5","(11.4, 11.6)","45","(44.8, 45.3)","46","(45.8, 46.3)","(41.09932866070, -80.6463187081)",0400000US39,"39",Ohio,Youngstown
OK,Broken Arrow,"4009050","98,850","9.8","( 9.7,  9.9)","9.7","( 9.6,  9.8)","31.9","(31.6, 32.1)","31.5","(31.2, 31.8)","(36.03663249110, -95.7809572414)",0400000US40,"40",Oklahoma,Tulsa
OK,Edmond,"4023200","81,405","9.7","( 9.6,  9.8)","9.6","( 9.5,  9.7)","30","(29.6, 30.3)","30.2","(29.8, 30.5)","(35.66893505160, -97.4159205309)",0400000US40,"40",Oklahoma,Tulsa
OK,Lawton,"4041850","96,867","10.6","(10.4, 10.7)","10.4","(10.3, 10.5)","34.8","(34.5, 35.1)","34.9","(34.6, 35.2)","(34.61705648990, -98.4203934803)",0400000US40,"40",Oklahoma,Tulsa
OK,Norman,"4052500","110,925","9.8","( 9.7, 10.0)","9.5","( 9.4,  9.7)","33.6","(33.2, 34.0)","34","(33.7, 34.4)","(35.23350326470, -97.3470413838)",0400000US40,"40",Oklahoma,Tulsa
OK,Oklahoma City,"4055000","579,999","10.5","(10.4, 10.5)","10.4","(10.4, 10.5)","34.3","(34.2, 34.4)","34.3","(34.2, 34.4)","(35.46756428800, -97.5137615524)",0400000US40,"40",Oklahoma,Tulsa
OK,Tulsa,"4075000","391,906","10.5","(10.5, 10.6)","10.5","(10.4, 10.5)","33.9","(33.7, 34.0)","34.1","(34.0, 34.3)","(36.12842134250, -95.9036195464)",0400000US40,"40",Oklahoma,Tulsa
OR,Beaverton,"4105350","89,803","9.8","( 9.6,  9.9)","9.7","( 9.6,  9.9)","31.3","(31.0, 31.7)","31","(30.6, 31.3)","(45.47957656740, -122.814973469)",0400000US41,"41",Oregon,Salem
OR,Bend,"4105800","76,639","10.3","(10.1, 10.5)","10.3","(10.1, 10.5)","29.7","(29.2, 30.2)","29.7","(29.2, 30.2)","(44.05618271840, -121.308690416)",0400000US41,"41",Oregon,Salem
OR,Eugene,"4123850","156,185","11","(10.8, 11.1)","10.8","(10.7, 10.9)","29.9","(29.6, 30.2)","30.6","(30.3, 30.8)","(44.05593633460, -123.117327584)",0400000US41,"41",Oregon,Salem
OR,Gresham,"4131250","105,594","11","(10.9, 11.1)","10.9","(10.8, 11.1)","32.4","(32.1, 32.6)","32.3","(32.1, 32.6)","(45.50242567980, -122.441469029)",0400000US41,"41",Oregon,Salem
OR,Hillsboro,"4134100","91,611","9.8","( 9.7,  9.9)","9.8","( 9.6,  9.9)","32.1","(31.8, 32.4)","31.3","(31.0, 31.6)","(45.52902799400, -122.937442209)",0400000US41,"41",Oregon,Salem
OR,Medford,"4147000","74,907","11","(10.8, 11.2)","11.1","(10.9, 11.3)","33.7","(33.3, 34.1)","34.5","(34.2, 34.9)","(42.33719875840, -122.853625909)",0400000US41,"41",Oregon,Salem
OR,Portland,"4159000","583,776","10.2","(10.2, 10.3)","10.2","(10.1, 10.2)","30.8","(30.7, 30.9)","30.4","(30.3, 30.5)","(45.53718065400, -122.650032751)",0400000US41,"41",Oregon,Salem
OR,Salem,"4164900","154,637","10.7","(10.6, 10.9)","10.7","(10.6, 10.8)","32.6","(32.4, 32.9)","32.8","(32.5, 33.1)","(44.92327315400, -123.024867100)",0400000US41,"41",Oregon,Salem
PA,Allentown,"4202000","118,032","10.8","(10.6, 10.9)","10.7","(10.6, 10.8)","39","(38.7, 39.3)","39.4","(39.1, 39.6)","(40.59609961800, -75.4755373968)",0400000US42,"42",Pennsylvania,Scranton
PA,Bethlehem,"4206088","74,982","9.9","( 9.8, 10.1)","9.9","( 9.8, 10.0)","37.1","(36.7, 37.5)","38.3","(37.9, 38.7)","(40.62664025780, -75.3679048175)",0400000US42,"42",Pennsylvania,Scranton
PA,Erie,"4224000","101,786","11.1","(11.0, 11.2)","11","(10.9, 11.2)","42","(41.7, 42.4)","42.8","(42.5, 43.1)","(42.11646987540, -80.0730358517)",0400000US42,"42",Pennsylvania,Scranton
PA,Philadelphia,"4260000","1,526,006","11.5","(11.5, 11.6)","11.5","(11.4, 11.5)","42.2","(42.1, 42.3)","42.6","(42.6, 42.7)","(40.00931478080, -75.1333888571)",0400000US42,"42",Pennsylvania,Scranton
PA,Pittsburgh,"4261000","305,704","10","( 9.9, 10.1)","9.9","( 9.9, 10.0)","39.4","(39.2, 39.6)","40.4","(40.2, 40.5)","(40.43962974860, -79.9762614995)",0400000US42,"42",Pennsylvania,Scranton
PA,Reading,"4263624","88,082","11.1","(11.0, 11.2)","11","(10.9, 11.1)","45.3","(45.0, 45.5)","45.4","(45.2, 45.7)","(40.33996786860, -75.9266128837)",0400000US42,"42",Pennsylvania,Scranton
PA,Scranton,"4269000","76,089","10.6","(10.4, 10.8)","10.6","(10.4, 10.8)","36.3","(35.9, 36.7)","37.5","(37.1, 37.8)","(41.40437293620, -75.6649126898)",0400000US42,"42",Pennsylvania,Scranton
RI,Cranston,"4419180","80,387","11.4","(11.2, 11.6)","11.4","(11.3, 11.6)","37.8","(37.5, 38.1)","38.3","(38.0, 38.7)","(41.76580171350, -71.4861485002)",0400000US44,"44",Rhode Island,Warwick
RI,Pawtucket,"4454640","71,148","12.9","(12.8, 13.1)","12.9","(12.7, 13.1)","41.3","(41.0, 41.5)","41.4","(41.1, 41.6)","(41.87445345170, -71.3743580803)",0400000US44,"44",Rhode Island,Warwick
RI,Providence,"4459000","178,042","12.3","(12.2, 12.4)","12.1","(12.0, 12.2)","41.1","(40.9, 41.4)","41.6","(41.4, 41.8)","(41.82348053300, -71.4218129335)",0400000US44,"44",Rhode Island,Warwick
RI,Warwick,"4474300","82,672","11.5","(11.4, 11.7)","11.6","(11.4, 11.8)","35.7","(35.3, 36.1)","36.3","(35.9, 36.7)","(41.70647273010, -71.4345615049)",0400000US44,"44",Rhode Island,Warwick
SC,Charleston,"4513330","120,083","9.2","( 9.1,  9.3)","9.1","( 9.0,  9.2)","32.6","(32.3, 32.9)","33.2","(32.9, 33.4)","(32.81369618920, -79.9673818990)",0400000US45,"45",South Carolina,Rock Hill
SC,Columbia,"4516000","129,272","10","( 9.9, 10.1)","9.8","( 9.7,  9.9)","37.6","(37.2, 38.0)","38.5","(38.2, 38.8)","(34.03660695660, -80.9037852694)",0400000US45,"45",South Carolina,Rock Hill
SC,Mount Pleasant,"4548535","67,843","8.2","( 8.0,  8.4)","8.2","( 8.0,  8.4)","29.5","(28.9, 30.1)","29.2","(28.5, 29.8)","(32.85382745840, -79.8230343029)",0400000US45,"45",South Carolina,Rock Hill
SC,North Charleston,"4550875","97,471","10.5","(10.4, 10.6)","10.3","(10.2, 10.4)","39.1","(38.8, 39.4)","38.8","(38.5, 39.0)","(32.91009150710, -80.0738525014)",0400000US45,"45",South Carolina,Rock Hill
SC,Rock Hill,"4561405","66,154","10.3","(10.2, 10.5)","10.2","(10.0, 10.3)","40.8","(40.4, 41.1)","40.9","(40.5, 41.2)","(34.94036114960, -81.0249178286)",0400000US45,"45",South Carolina,Rock Hill
SD,Rapid City,"4652980","67,956","8.9","( 8.8,  9.0)","8.9","( 8.8,  9.1)","26.4","(26.1, 26.7)","27","(26.6, 27.3)","(44.07050095640, -103.218361421)",0400000US46,"46",South Dakota,Sioux Falls
SD,Sioux Falls,"4659020","153,888","8.3","( 8.2,  8.4)","8.3","( 8.2,  8.4)","27.2","(26.9, 27.4)","27.1","(26.8, 27.4)","(43.53880675370, -96.7313495858)",0400000US46,"46",South Dakota,Sioux Falls
TN,Chattanooga,"4714000","167,674","11.1","(11.0, 11.2)","11.1","(11.0, 11.2)","39.7","(39.4, 39.9)","40.3","(40.1, 40.6)","(35.06624721650, -85.2466771892)",0400000US47,"47",Tennessee,Nashville
TN,Clarksville,"4715160","132,929","10.5","(10.4, 10.7)","10.4","(10.3, 10.5)","41.7","(41.4, 42.0)","41.3","(41.0, 41.5)","(36.56968315900, -87.3432371614)",0400000US47,"47",Tennessee,Nashville
TN,Knoxville,"4740000","178,874","10.7","(10.5, 10.8)","10.5","(10.4, 10.6)","36.8","(36.5, 37.1)","37.4","(37.2, 37.7)","(35.96905945310, -83.9495877264)",0400000US47,"47",Tennessee,Nashville
TN,Memphis,"4748000","646,889","11.2","(11.1, 11.3)","11.1","(11.0, 11.2)","41.1","(41.0, 41.2)","41.1","(40.9, 41.2)","(35.10462950420, -89.9789060850)",0400000US47,"47",Tennessee,Nashville
TN,Murfreesboro,"4751560","108,755","10","( 9.8, 10.1)","9.7","( 9.6,  9.8)","37.8","(37.4, 38.3)","37.7","(37.4, 38.1)","(35.85077819500, -86.4086282380)",0400000US47,"47",Tennessee,Nashville
TN,Nashville,"4752006","601,222","10.3","(10.2, 10.4)","10.2","(10.2, 10.3)","39.6","(39.5, 39.8)","39.4","(39.3, 39.5)","(36.17122299040, -86.7845944773)",0400000US47,"47",Tennessee,Nashville
TX,Abilene,"4801000","117,063","8.8","( 8.7,  9.0)","8.7","( 8.7,  8.8)","33.2","(32.9, 33.5)","33.9","(33.6, 34.1)","(32.45465108980, -99.7383043723)",0400000US48,"48",Texas,Wichita Falls
TX,Allen,"4801924","84,246","7.7","( 7.5,  7.8)","7.6","( 7.5,  7.7)","33.3","(32.7, 33.8)","31.8","(31.3, 32.3)","(33.10870432340, -96.6735373763)",0400000US48,"48",Texas,Wichita Falls
TX,Amarillo,"4803000","190,695","8.9","( 8.8,  8.9)","8.8","( 8.7,  8.9)","34.1","(33.9, 34.3)","34.2","(34.0, 34.4)","(35.20038355440, -101.828292514)",0400000US48,"48",Texas,Wichita Falls
TX,Arlington,"4804000","365,438","9","( 8.9,  9.1)","8.9","( 8.8,  8.9)","36.9","(36.7, 37.0)","36.3","(36.1, 36.5)","(32.69983686200, -97.1250896120)",0400000US48,"48",Texas,Wichita Falls
TX,Austin,"4805000","790,390","8.1","( 8.1,  8.2)","8","( 8.0,  8.0)","29.7","(29.6, 29.9)","29.1","(29.0, 29.2)","(30.30686103420, -97.7554771245)",0400000US48,"48",Texas,Wichita Falls
TX,Baytown,"4806128","71,802","8.6","( 8.5,  8.7)","8.5","( 8.4,  8.6)","35.2","(34.9, 35.4)","35.1","(34.9, 35.3)","(29.75711530430, -94.9676276217)",0400000US48,"48",Texas,Wichita Falls
TX,Beaumont,"4807000","118,296","9.8","( 9.7,  9.9)","9.7","( 9.6,  9.8)","37.7","(37.4, 38.0)","38.1","(37.8, 38.3)","(30.08441664700, -94.1441072222)",0400000US48,"48",Texas,Wichita Falls
TX,Brownsville,"4810768","175,023","8.1","( 8.0,  8.2)","8","( 7.9,  8.2)","35","(34.7, 35.3)","35","(34.7, 35.3)","(25.99819778610, -97.4566343763)",0400000US48,"48",Texas,Wichita Falls
TX,Bryan,"4810912","76,201","9.1","( 9.0,  9.3)","9","( 8.9,  9.2)","36.4","(36.0, 36.8)","36.8","(36.4, 37.1)","(30.66656875820, -96.3663819223)",0400000US48,"48",Texas,Wichita Falls
TX,Carrollton,"4813024","119,097","8.2","( 8.1,  8.3)","8.1","( 8.0,  8.2)","32","(31.8, 32.3)","31.3","(31.0, 31.5)","(32.98843845900, -96.9001374330)",0400000US48,"48",Texas,Wichita Falls
TX,College Station,"4815976","93,857","8.9","( 8.7,  9.2)","8.1","( 8.0,  8.2)","33.4","(32.8, 34.0)","34.2","(33.8, 34.5)","(30.58676158010, -96.2957958614)",0400000US48,"48",Texas,Wichita Falls
TX,Corpus Christi,"4817000","305,215","8","( 8.0,  8.1)","8","( 7.9,  8.0)","33.9","(33.8, 34.1)","34.1","(33.9, 34.2)","(27.72915883370, -97.4019095379)",0400000US48,"48",Texas,Wichita Falls
TX,Dallas,"4819000","1,197,816","9.3","( 9.2,  9.3)","9.2","( 9.2,  9.3)","34.7","(34.6, 34.8)","34.3","(34.2, 34.3)","(32.79398040660, -96.7656929463)",0400000US48,"48",Texas,Wichita Falls
TX,Denton,"4819972","113,383","9","( 8.9,  9.2)","8.6","( 8.5,  8.8)","31","(30.7, 31.4)","31.3","(31.0, 31.6)","(33.21561604430, -97.1412438684)",0400000US48,"48",Texas,Wichita Falls
TX,Edinburg,"4822660","77,100","7.5","( 7.3,  7.8)","7.4","( 7.3,  7.7)","33","(32.4, 33.6)","32.8","(32.2, 33.3)","(26.31558439740, -98.1637130371)",0400000US48,"48",Texas,Wichita Falls
TX,El Paso,"4824000","649,121","7.7","( 7.6,  7.7)","7.6","( 7.6,  7.7)","36.7","(36.6, 36.9)","36.9","(36.7, 37.0)","(31.84811235060, -106.432021874)",0400000US48,"48",Texas,Wichita Falls
TX,Fort Worth,"4827000","741,206","9.1","( 9.1,  9.2)","9.1","( 9.0,  9.1)","37.2","(37.0, 37.3)","36.6","(36.5, 36.7)","(32.78019280400, -97.3470323225)",0400000US48,"48",Texas,Wichita Falls
TX,Frisco,"4827684","116,989","7.6","( 7.5,  7.7)","7.6","( 7.5,  7.7)","31.5","(31.2, 31.8)","29.9","(29.6, 30.2)","(33.15075451520, -96.8201336312)",0400000US48,"48",Texas,Wichita Falls
TX,Garland,"4829000","226,876","9","( 8.9,  9.1)","8.9","( 8.9,  9.0)","34.2","(34.0, 34.3)","33.7","(33.6, 33.9)","(32.91007998670, -96.6304258603)",0400000US48,"48",Texas,Wichita Falls
TX,Grand Prairie,"4830464","175,396","8.9","( 8.8,  9.0)","8.8","( 8.8,  8.9)","35.4","(35.2, 35.6)","34.5","(34.3, 34.7)","(32.68676502380, -97.0209311916)",0400000US48,"48",Texas,Wichita Falls
TX,Houston,"4835000","2,099,451","8.3","( 8.2,  8.3)","8.2","( 8.2,  8.2)","35.8","(35.8, 35.9)","35.5","(35.4, 35.5)","(29.78066913960, -95.3860033966)",0400000US48,"48",Texas,Wichita Falls
TX,Irving,"4837000","216,290","8.4","( 8.4,  8.5)","8.5","( 8.4,  8.5)","33.7","(33.5, 33.9)","32.8","(32.6, 33.0)","(32.85838081310, -96.9703058323)",0400000US48,"48",Texas,Wichita Falls
TX,Killeen,"4839148","127,921","9.3","( 9.2,  9.4)","9.1","( 9.0,  9.2)","39.9","(39.6, 40.1)","39.2","(39.0, 39.5)","(31.07576481430, -97.7285651299)",0400000US48,"48",Texas,Wichita Falls
TX,Laredo,"4841464","236,091","8","( 7.9,  8.1)","7.9","( 7.8,  8.0)","35.4","(35.1, 35.7)","35","(34.8, 35.3)","(27.54825724750, -99.4867797312)",0400000US48,"48",Texas,Wichita Falls
TX,League City,"4841980","83,560","8.2","( 8.0,  8.3)","8.1","( 7.9,  8.2)","34.8","(34.3, 35.3)","33.7","(33.2, 34.1)","(29.48729958080, -95.1089858945)",0400000US48,"48",Texas,Wichita Falls
TX,Lewisville,"4842508","95,290","8.5","( 8.4,  8.6)","8.4","( 8.3,  8.5)","32.1","(31.8, 32.4)","31.3","(31.0, 31.5)","(33.04519924290, -96.9829273031)",0400000US48,"48",Texas,Wichita Falls
TX,Longview,"4843888","80,455","9.5","( 9.3,  9.6)","9.5","( 9.3,  9.6)","35.2","(34.9, 35.5)","35.7","(35.4, 36.0)","(32.51928578560, -94.7621975980)",0400000US48,"48",Texas,Wichita Falls
TX,Lubbock,"4845000","229,573","8.9","( 8.8,  9.0)","8.8","( 8.7,  8.8)","35","(34.7, 35.3)","35.6","(35.4, 35.9)","(33.56662511780, -101.886335663)",0400000US48,"48",Texas,Wichita Falls
TX,McAllen,"4845384","129,877","7.5","( 7.4,  7.7)","7.5","( 7.4,  7.6)","32.5","(32.1, 32.8)","32.5","(32.1, 32.8)","(26.21862899420, -98.2451704536)",0400000US48,"48",Texas,Wichita Falls
TX,McKinney,"4845744","131,117","8.1","( 8.0,  8.2)","8.1","( 8.0,  8.2)","33.5","(33.2, 33.8)","32.4","(32.1, 32.7)","(33.19888869520, -96.6677029773)",0400000US48,"48",Texas,Wichita Falls
TX,Mesquite,"4847892","139,824","9.6","( 9.5,  9.7)","9.5","( 9.4,  9.6)","34.6","(34.4, 34.8)","34.1","(33.9, 34.3)","(32.76413101660, -96.5927445114)",0400000US48,"48",Texas,Wichita Falls
TX,Midland,"4848072","111,147","8.3","( 8.2,  8.5)","8.3","( 8.2,  8.4)","32.5","(32.3, 32.8)","32.7","(32.4, 33.0)","(32.02859483560, -102.109700973)",0400000US48,"48",Texas,Wichita Falls
TX,Mission,"4848768","77,058","7.7","( 7.5,  7.9)","7.7","( 7.5,  7.9)","32.5","(32.1, 32.9)","32.6","(32.2, 33.1)","(26.20334064640, -98.3227705130)",0400000US48,"48",Texas,Wichita Falls
TX,Missouri City,"4848804","67,358","8.5","( 8.3,  8.6)","8.3","( 8.2,  8.5)","35.4","(35.0, 35.8)","34.8","(34.4, 35.2)","(29.56367466100, -95.5382066661)",0400000US48,"48",Texas,Wichita Falls
TX,Odessa,"4853388","99,940","8.6","( 8.5,  8.7)","8.6","( 8.4,  8.7)","32.8","(32.5, 33.0)","32.9","(32.6, 33.2)","(31.87945646100, -102.344465435)",0400000US48,"48",Texas,Wichita Falls
TX,Pasadena,"4856000","149,043","8","( 7.9,  8.1)","8","( 7.9,  8.1)","34.5","(34.3, 34.8)","34.2","(34.0, 34.4)","(29.65895114880, -95.1509173148)",0400000US48,"48",Texas,Wichita Falls
TX,Pearland,"4856348","91,252","7.8","( 7.7,  7.9)","7.8","( 7.6,  7.9)","32.3","(31.9, 32.8)","31.3","(30.9, 31.7)","(29.55848505770, -95.3208389111)",0400000US48,"48",Texas,Wichita Falls
TX,Pharr,"4857200","70,400","8","( 7.7,  8.3)","8","( 7.7,  8.3)","34.2","(33.6, 34.8)","34.3","(33.6, 34.8)","(26.16881539900, -98.1904720704)",0400000US48,"48",Texas,Wichita Falls
TX,Plano,"4858016","259,841","7.5","( 7.4,  7.5)","7.4","( 7.3,  7.5)","32.6","(32.4, 32.8)","31.9","(31.7, 32.1)","(33.05021492780, -96.7486409797)",0400000US48,"48",Texas,Wichita Falls
TX,Richardson,"4861796","99,223","7.9","( 7.8,  8.0)","7.8","( 7.7,  7.9)","30.7","(30.4, 31.0)","30.9","(30.5, 31.1)","(32.97165823890, -96.7093052991)",0400000US48,"48",Texas,Wichita Falls
TX,Round Rock,"4863500","99,887","8.1","( 8.0,  8.2)","8","( 7.9,  8.1)","34.3","(34.0, 34.6)","33","(32.6, 33.3)","(30.52395782350, -97.6669801882)",0400000US48,"48",Texas,Wichita Falls
TX,San Angelo,"4864472","93,200","8.5","( 8.4,  8.7)","8.5","( 8.4,  8.6)","34","(33.7, 34.4)","34.9","(34.6, 35.2)","(31.44046874600, -100.452243142)",0400000US48,"48",Texas,Wichita Falls
TX,San Antonio,"4865000","1,327,407","8.1","( 8.1,  8.1)","8","( 8.0,  8.1)","35","(35.0, 35.1)","35","(34.9, 35.1)","(29.47214753330, -98.5246763525)",0400000US48,"48",Texas,Wichita Falls
TX,Sugar Land,"4870808","78,817","6.9","( 6.8,  7.1)","6.8","( 6.7,  7.0)","32.1","(31.7, 32.5)","31.8","(31.4, 32.2)","(29.59746809020, -95.6274557750)",0400000US48,"48",Texas,Wichita Falls
TX,Tyler,"4874144","96,900","9.3","( 9.2,  9.4)","9.2","( 9.1,  9.3)","35","(34.7, 35.3)","36","(35.7, 36.3)","(32.31540211830, -95.3050093799)",0400000US48,"48",Texas,Wichita Falls
TX,Waco,"4876000","124,805","9.7","( 9.5,  9.8)","9.5","( 9.4,  9.6)","34.8","(34.5, 35.2)","35.7","(35.4, 36.0)","(31.55976071370, -97.1883333282)",0400000US48,"48",Texas,Wichita Falls
TX,Wichita Falls,"4879000","104,553","9","( 8.9,  9.1)","9","( 8.9,  9.1)","38.2","(37.8, 38.5)","38.9","(38.5, 39.2)","(33.90727398380, -98.5292981697)",0400000US48,"48",Texas,Wichita Falls
UT,Layton,"4943660","67,311","9.1","( 9.0,  9.3)","9","( 8.9,  9.2)","31.4","(31.0, 31.8)","30.8","(30.5, 31.2)","(41.07718161400, -111.961589302)",0400000US49,"49",Utah,West Valley City
UT,Ogden,"4955980","82,825","10","( 9.8, 10.1)","9.9","( 9.7, 10.0)","34.2","(33.9, 34.5)","34.2","(33.9, 34.5)","(41.22815675350, -111.967450557)",0400000US49,"49",Utah,West Valley City
UT,Orem,"4957300","88,328","8.7","( 8.5,  8.8)","8.5","( 8.4,  8.6)","30.4","(30.1, 30.8)","30.7","(30.4, 31.0)","(40.29871276250, -111.699188517)",0400000US49,"49",Utah,West Valley City
UT,Provo,"4962470","112,488","9.4","( 9.2,  9.6)","8.6","( 8.5,  8.7)","30.9","(30.3, 31.4)","31.4","(31.0, 31.7)","(40.24571852880, -111.645715857)",0400000US49,"49",Utah,West Valley City
UT,St. George,"4965330","72,897","9.2","( 9.0,  9.3)","9.3","( 9.1,  9.4)","30.8","(30.4, 31.3)","32.4","(31.9, 32.9)","(37.07874446340, -113.579352503)",0400000US49,"49",Utah,West Valley City
UT,Salt Lake City,"4967000","186,440","9.3","( 9.2,  9.3)","9.2","( 9.1,  9.2)","30.4","(30.2, 30.6)","30.3","(30.0, 30.4)","(40.77784894650, -111.931220784)",0400000US49,"49",Utah,West Valley City
UT,Sandy,"4967440","87,461","9.2","( 9.1,  9.3)","9.1","( 9.0,  9.2)","29.1","(28.8, 29.4)","28.9","(28.5, 29.2)","(40.57022544230, -111.852431062)",0400000US49,"49",Utah,West Valley City
UT,West Jordan,"4982950","103,712","9.6","( 9.4,  9.7)","9.4","( 9.3,  9.5)","31.4","(31.1, 31.7)","30.4","(30.1, 30.7)","(40.60225986350, -112.000961848)",0400000US49,"49",Utah,West Valley City
UT,West Valley City,"4983470","129,480","9.9","( 9.8, 10.0)","9.8","( 9.6,  9.9)","33.4","(33.2, 33.6)","32.8","(32.6, 33.0)","(40.68876969620, -112.011667394)",0400000US49,"49",Utah,West Valley City
VT,Burlington,"5010675","42,417","11.3","(11.0, 11.7)","10.9","(10.6, 11.1)","28.6","(27.8, 29.3)","29.6","(29.1, 30.2)","(44.48762456940, -73.2314828365)",0400000US50,"50",Vermont,Burlington
VA,Alexandria,"5101000","139,966","8.8","( 8.8,  8.9)","8.8","( 8.7,  8.9)","31.9","(31.6, 32.1)","30.9","(30.7, 31.2)","(38.81873515570, -77.0867762661)",0400000US51,"51",Virginia,Virginia Beach
VA,Chesapeake,"5116000","222,209","10","( 9.9, 10.1)","9.9","( 9.8, 10.0)","38.1","(37.9, 38.4)","37.8","(37.5, 38.0)","(36.67775211180, -76.3024325925)",0400000US51,"51",Virginia,Virginia Beach
VA,Hampton,"5135000","137,436","11","(10.8, 11.1)","10.8","(10.7, 10.9)","43","(42.8, 43.3)","43.3","(43.1, 43.6)","(37.05330090250, -76.3665945624)",0400000US51,"51",Virginia,Virginia Beach
VA,Lynchburg,"5147672","75,568","10.5","(10.3, 10.6)","10.3","(10.2, 10.5)","36.4","(35.9, 36.9)","38","(37.6, 38.4)","(37.40041630160, -79.1911081000)",0400000US51,"51",Virginia,Virginia Beach
VA,Newport News,"5156000","180,719","10.4","(10.3, 10.5)","10.3","(10.2, 10.4)","38.1","(37.9, 38.3)","38.2","(38.0, 38.4)","(37.10511413090, -76.5182644502)",0400000US51,"51",Virginia,Virginia Beach
VA,Norfolk,"5157000","242,803","10.6","(10.5, 10.8)","10.5","(10.5, 10.6)","41.2","(40.8, 41.6)","41.7","(41.5, 42.0)","(36.89328630060, -76.2567157761)",0400000US51,"51",Virginia,Virginia Beach
VA,Portsmouth,"5164000","95,535","10.8","(10.7, 11.0)","10.8","(10.7, 10.9)","44.8","(44.5, 45.2)","45.2","(44.9, 45.5)","(36.84514502280, -76.3552763467)",0400000US51,"51",Virginia,Virginia Beach
VA,Richmond,"5167000","204,214","10.8","(10.6, 10.9)","10.6","(10.6, 10.7)","38.7","(38.5, 39.0)","39.4","(39.2, 39.6)","(37.52939330830, -77.4755681680)",0400000US51,"51",Virginia,Virginia Beach
VA,Roanoke,"5168000","97,032","10.4","(10.3, 10.5)","10.4","(10.3, 10.6)","39.4","(39.1, 39.8)","39.8","(39.5, 40.1)","(37.27821818550, -79.9581615989)",0400000US51,"51",Virginia,Virginia Beach
VA,Suffolk,"5176432","84,585","10.3","(10.1, 10.4)","10.2","(10.1, 10.4)","41.4","(41.1, 41.8)","41.2","(40.9, 41.5)","(36.69303679810, -76.6414278469)",0400000US51,"51",Virginia,Virginia Beach
VA,Virginia Beach,"5182000","437,994","9.1","( 9.0,  9.1)","9","( 8.9,  9.0)","37.5","(37.4, 37.7)","37.3","(37.2, 37.5)","(36.75345933390, -76.0589579522)",0400000US51,"51",Virginia,Virginia Beach
WA,Auburn,"5303180","70,180","10.3","(10.2, 10.5)","10.2","(10.1, 10.4)","32.7","(32.4, 33.0)","32.5","(32.2, 32.8)","(47.30385443250, -122.210810557)",0400000US53,"53",Washington,Yakima
WA,Bellevue,"5305210","122,363","8.1","( 8.0,  8.2)","8.1","( 8.0,  8.2)","28.5","(28.2, 28.7)","28.5","(28.3, 28.7)","(47.59624376060, -122.153569982)",0400000US53,"53",Washington,Yakima
WA,Bellingham,"5305280","80,885","10.7","(10.5, 11.0)","10.4","(10.3, 10.6)","30.1","(29.6, 30.6)","31.1","(30.6, 31.5)","(48.75353703150, -122.468092906)",0400000US53,"53",Washington,Yakima
WA,Everett,"5322640","103,019","10.3","(10.2, 10.5)","10.3","(10.1, 10.4)","37.6","(37.3, 37.8)","37.3","(37.1, 37.6)","(47.94979661890, -122.160703911)",0400000US53,"53",Washington,Yakima
WA,Federal Way,"5323515","89,306","9.9","( 9.8, 10.0)","9.8","( 9.7,  9.9)","32.8","(32.6, 33.0)","32.6","(32.4, 32.9)","(47.30908463160, -122.335755583)",0400000US53,"53",Washington,Yakima
WA,Kennewick,"5335275","73,917","10.6","(10.4, 10.7)","10.5","(10.3, 10.7)","33.7","(33.3, 34.1)","33.8","(33.4, 34.2)","(46.19843842800, -119.173245847)",0400000US53,"53",Washington,Yakima
WA,Kent,"5335415","92,411","10.2","(10.1, 10.3)","10.1","(10.0, 10.2)","33.6","(33.4, 33.9)","33.1","(32.9, 33.3)","(47.38496362720, -122.217890194)",0400000US53,"53",Washington,Yakima
WA,Renton,"5357745","90,927","9.3","( 9.2,  9.4)","9.3","( 9.2,  9.4)","32.2","(32.0, 32.4)","31.7","(31.4, 31.9)","(47.47605467520, -122.191153327)",0400000US53,"53",Washington,Yakima
WA,Seattle,"5363000","608,660","9.1","( 9.1,  9.2)","9","( 9.0,  9.1)","29.4","(29.3, 29.5)","29.1","(29.0, 29.2)","(47.62215433800, -122.323532482)",0400000US53,"53",Washington,Yakima
WA,Spokane,"5367000","208,916","11.2","(11.1, 11.3)","11.2","(11.1, 11.3)","32.4","(32.1, 32.6)","32.7","(32.5, 32.9)","(47.67362432590, -117.415973291)",0400000US53,"53",Washington,Yakima
WA,Spokane Valley,"5367167","89,755","11","(10.9, 11.2)","11","(10.9, 11.1)","31.8","(31.5, 32.1)","32.2","(31.9, 32.5)","(47.66255657400, -117.234571922)",0400000US53,"53",Washington,Yakima
WA,Tacoma,"5370000","198,397","11.4","(11.3, 11.5)","11.3","(11.2, 11.4)","38","(37.8, 38.1)","37.9","(37.7, 38.1)","(47.24254114450, -122.454473910)",0400000US53,"53",Washington,Yakima
WA,Vancouver,"5374060","161,791","10.4","(10.3, 10.5)","10.4","(10.3, 10.5)","32.4","(32.2, 32.6)","32.4","(32.2, 32.7)","(45.63571723650, -122.598539476)",0400000US53,"53",Washington,Yakima
WA,Yakima,"5380010","91,067","11.3","(11.2, 11.5)","11.3","(11.2, 11.5)","33.3","(33.0, 33.6)","33.8","(33.5, 34.1)","(46.59257920920, -120.547807614)",0400000US53,"53",Washington,Yakima
WV,Charleston,"5414600","51,400","11.2","(11.1, 11.3)","11.3","(11.1, 11.4)","39.6","(39.2, 40.0)","40.3","(40.0, 40.7)","(38.34840797360, -81.6321650030)",0400000US54,"54",West Virginia,Charleston
WI,Appleton,"5502375","72,623","9.6","( 9.4,  9.7)","9.5","( 9.4,  9.7)","29.8","(29.4, 30.1)","29.7","(29.4, 30.1)","(44.27769874570, -88.3897664444)",0400000US55,"55",Wisconsin,Waukesha
WI,Green Bay,"5531000","104,057","10.3","(10.1, 10.4)","10.2","(10.1, 10.3)","35.9","(35.6, 36.2)","36","(35.7, 36.3)","(44.51498478160, -87.9896195955)",0400000US55,"55",Wisconsin,Waukesha
WI,Kenosha,"5539225","99,218","10","( 9.9, 10.1)","9.9","( 9.8, 10.1)","34.8","(34.5, 35.1)","34.7","(34.4, 35.1)","(42.58557027100, -87.8735745085)",0400000US55,"55",Wisconsin,Waukesha
WI,Madison,"5548000","233,209","9.4","( 9.3,  9.5)","9.1","( 9.1,  9.2)","29.4","(29.1, 29.6)","29.3","(29.1, 29.5)","(43.08098656940, -89.3915106344)",0400000US55,"55",Wisconsin,Waukesha
WI,Milwaukee,"5553000","594,833","11.4","(11.3, 11.4)","11.3","(11.2, 11.3)","39.2","(39.1, 39.3)","39.2","(39.1, 39.3)","(43.06412589250, -87.9672412429)",0400000US55,"55",Wisconsin,Waukesha
WI,Racine,"5566000","78,860","10.8","(10.7, 10.9)","10.7","(10.6, 10.9)","39.8","(39.5, 40.1)","39.8","(39.4, 40.1)","(42.72745994940, -87.8134530240)",0400000US55,"55",Wisconsin,Waukesha
WI,Waukesha,"5584250","70,718","9.3","( 9.1,  9.4)","9.2","( 9.1,  9.4)","33.4","(33.0, 33.8)","33.2","(32.8, 33.6)","(43.00933322150, -88.2457679157)",0400000US55,"55",Wisconsin,Waukesha
WY,Cheyenne,"5613900","59,466","9.6","( 9.4,  9.7)","9.6","( 9.4,  9.7)","33.1","(32.6, 33.5)","33.4","(32.9, 33.8)","(41.14608042650, -104.789064332)",0400000US56,"56",Wyoming,Cheyenne
