State,County,Year,Max AQI,Median AQI,Region,Median_By_State
Alaska,Anchorage ,1990,159,44,1,24
Alaska,Denali ,1990,62,31,1,24
Alaska,Fairbanks North Star ,1990,140,36,1,24
Alaska,Juneau ,1990,152,21,1,24
Alaska,Kenai Peninsula ,1990,297,9,1,24
Alaska,Ketchikan Gateway ,1990,24,8,1,24
Alaska,Sitka ,1990,126,18,1,24
California,Alameda,1990,200,38,1,49
California,Butte,1990,174,40,1,49
California,Colusa,1990,70,31,1,49
California,Contra Costa,1990,200,44,1,49
California,Del Norte,1990,67,30,1,49
California,El Dorado,1990,133,51,1,49
California,Fresno,1990,213,84,1,49
California,Glenn,1990,151,33,1,49
California,Humboldt,1990,65,14,1,49
California,Imperial,1990,152,38,1,49
California,Inyo,1990,762,23,1,49
California,Kern,1990,347,100,1,49
California,Kings,1990,319,46,1,49
California,Lake,1990,77,27,1,49
California,Los Angeles,1990,276,119,1,49
California,Madera,1990,182,40,1,49
California,Marin,1990,81,32,1,49
California,Mariposa,1990,177,49,1,49
California,Mendocino,1990,53,19,1,49
California,Merced,1990,129,39,1,49
California,Mono,1990,164,45,1,49
California,Monterey,1990,133,39,1,49
California,Napa,1990,105,33,1,49
California,Nevada,1990,210,46,1,49
California,Orange,1990,239,79,1,49
California,Placer,1990,234,51,1,49
California,Plumas,1990,92,24,1,49
California,Riverside,1990,416,103,1,49
California,Sacramento,1990,203,67,1,49
California,San Benito,1990,172,44,1,49
California,San Bernardino,1990,364,119,1,49
California,San Diego,1990,242,103,1,49
California,San Francisco,1990,106,32,1,49
California,San Joaquin,1990,192,47,1,49
California,San Luis Obispo,1990,200,56,1,49
California,San Mateo,1990,105,38,1,49
California,Santa Barbara,1990,238,68,1,49
California,Santa Clara,1990,177,47,1,49
California,Santa Cruz,1990,133,32,1,49
California,Shasta,1990,205,43,1,49
California,Siskiyou,1990,119,32,1,49
California,Solano,1990,156,38,1,49
California,Sonoma,1990,108,35,1,49
California,Stanislaus,1990,205,57,1,49
California,Sutter,1990,143,37,1,49
California,Tehama,1990,187,42,1,49
California,Tulare,1990,210,84,1,49
California,Tuolumne,1990,136,39,1,49
California,Ventura,1990,240,74,1,49
California,Yolo,1990,200,40,1,49
California,Yuba,1990,63,28,1,49
Colorado,Adams,1990,113,42,1,29
Colorado,Alamosa,1990,87,42,1,29
Colorado,Arapahoe,1990,151,41,1,29
Colorado,Archuleta,1990,54,19,1,29
Colorado,Boulder,1990,147,40,1,29
Colorado,Delta,1990,86,27,1,29
Colorado,Denver,1990,147,49,1,29
Colorado,Douglas,1990,54,16,1,29
Colorado,Eagle,1990,51,18,1,29
Colorado,El Paso,1990,113,51,1,29
Colorado,Fremont,1990,45,16,1,29
Colorado,Garfield,1990,59,28,1,29
Colorado,Gunnison,1990,105,44,1,29
Colorado,Jefferson,1990,177,40,1,29
Colorado,La Plata,1990,80,32,1,29
Colorado,Larimer,1990,154,39,1,29
Colorado,Lincoln,1990,51,14,1,29
Colorado,Logan,1990,51,20,1,29
Colorado,Mesa,1990,77,36,1,29
Colorado,Montezuma,1990,55,15,1,29
Colorado,Pitkin,1990,71,24,1,29
Colorado,Prowers,1990,43,17,1,29
Colorado,Pueblo,1990,61,23,1,29
Colorado,Routt,1990,105,26,1,29
Colorado,San Juan,1990,63,12,1,29
Colorado,San Miguel,1990,82,29,1,29
Colorado,Teller,1990,21,6,1,29
Colorado,Weld,1990,156,40,1,29
Hawaii,Hawaii,1990,200,25,1,19
Hawaii,Honolulu,1990,54,16,1,19
Hawaii,Kauai,1990,29,15,1,19
Hawaii,Maui,1990,39,18,1,19
Idaho,Ada,1990,87,45,1,31
Idaho,Bannock,1990,200,44,1,31
Idaho,Blaine,1990,43,13,1,31
Idaho,Bonner,1990,132,25,1,31
Idaho,Bonneville,1990,57,22,1,31
Idaho,Caribou,1990,177,34,1,31
Idaho,Clearwater,1990,74,29,1,31
Idaho,Kootenai,1990,107,28,1,31
Idaho,Lemhi,1990,92,54,1,31
Idaho,Nez Perce,1990,93,26,1,31
Idaho,Shoshone,1990,94,31,1,31
Idaho,Twin Falls,1990,68,22,1,31
Montana,Blaine,1990,76,19,1,30
Montana,Broadwater,1990,80,20,1,30
Montana,Cascade,1990,79,25,1,30
Montana,Deer Lodge,1990,44,10,1,30
Montana,Fergus,1990,60,14,1,30
Montana,Flathead,1990,79,37,1,30
Montana,Gallatin,1990,73,23,1,30
Montana,Jefferson,1990,200,29,1,30
Montana,Lake,1990,135,25,1,30
Montana,Lewis and Clark,1990,200,103,1,30
Montana,Lincoln,1990,150,45,1,30
Montana,Madison,1990,62,21,1,30
Montana,Missoula,1990,104,35,1,30
Montana,Park,1990,164,14,1,30
Montana,Phillips,1990,44,16,1,30
Montana,Rosebud,1990,178,23,1,30
Montana,Sanders,1990,154,28,1,30
Montana,Silver Bow,1990,69,21,1,30
Montana,Stillwater,1990,44,9,1,30
Montana,Sweet Grass,1990,10,5,1,30
Montana,Yellowstone,1990,200,114,1,30
Nevada,Clark,1990,220,72,1,43
Nevada,Douglas,1990,126,39,1,43
Nevada,Elko,1990,63,12,1,43
Nevada,Lander,1990,136,37,1,43
Nevada,Washoe,1990,206,54,1,43
Oregon,Clackamas,1990,208,37,1,39
Oregon,Columbia,1990,159,29,1,39
Oregon,Deschutes,1990,81,41,1,39
Oregon,Douglas,1990,102,52,1,39
Oregon,Jackson,1990,140,50,1,39
Oregon,Josephine,1990,108,47,1,39
Oregon,Klamath,1990,152,43,1,39
Oregon,Lane,1990,119,33,1,39
Oregon,Linn,1990,66,29,1,39
Oregon,Marion,1990,85,39,1,39
Oregon,Multnomah,1990,97,48,1,39
Oregon,Umatilla,1990,71,29,1,39
Oregon,Union,1990,113,31,1,39
Utah,Davis,1990,161,51,1,41
Utah,Garfield,1990,37,12,1,41
Utah,Grand,1990,63,29,1,41
Utah,Iron,1990,68,17,1,41
Utah,Salt Lake,1990,200,104,1,41
Utah,San Juan,1990,37,16,1,41
Utah,Utah,1990,230,50,1,41
Utah,Weber,1990,183,48,1,41
Washington,Asotin,1990,83,27,1,37
Washington,Benton,1990,332,24,1,37
Washington,Chelan,1990,52,17,1,37
Washington,Clallam,1990,200,47,1,37
Washington,Clark,1990,200,33,1,37
Washington,Cowlitz,1990,62,20,1,37
Washington,Grays Harbor,1990,200,77,1,37
Washington,King,1990,210,51,1,37
Washington,Pierce,1990,187,43,1,37
Washington,Skagit,1990,200,21,1,37
Washington,Snohomish,1990,127,54,1,37
Washington,Spokane,1990,194,58,1,37
Washington,Thurston,1990,94,18,1,37
Washington,Walla Walla,1990,85,33,1,37
Washington,Whatcom,1990,111,33,1,37
Washington,Yakima,1990,89,41,1,37
Wyoming,Albany,1990,100,45,1,31
Wyoming,Fremont,1990,88,18,1,31
Wyoming,Park,1990,70,16,1,31
Wyoming,Sheridan,1990,100,32,1,31
Wyoming,Sublette,1990,100,44,1,31
Wyoming,Sweetwater,1990,72,30,1,31
Wyoming,Teton,1990,76,34,1,31
Arizona,Apache,1990,133,41,2,39
Arizona,Cochise,1990,200,44,2,39
Arizona,Coconino,1990,108,46,2,39
Arizona,Gila,1990,200,60,2,39
Arizona,Graham,1990,67,23,2,39
Arizona,Maricopa,1990,200,67,2,39
Arizona,Navajo,1990,68,19,2,39
Arizona,Pima,1990,151,58,2,39
Arizona,Pinal,1990,200,19,2,39
Arizona,Santa Cruz,1990,111,38,2,39
Arizona,Yavapai,1990,94,15,2,39
Arizona,Yuma,1990,147,40,2,39
New Mexico,Bernalillo,1990,169,50,2,35
New Mexico,Chaves,1990,36,16,2,35
New Mexico,Dona Ana,1990,200,74,2,35
New Mexico,Eddy,1990,173,29,2,35
New Mexico,Grant,1990,200,24,2,35
New Mexico,Hidalgo,1990,200,40,2,35
New Mexico,Lea,1990,31,15,2,35
New Mexico,Los Alamos,1990,112,44,2,35
New Mexico,Luna,1990,40,22,2,35
New Mexico,McKinley,1990,51,22,2,35
New Mexico,San Juan,1990,161,64,2,35
New Mexico,Sandoval,1990,119,43,2,35
New Mexico,Santa Fe,1990,50,15,2,35
New Mexico,Taos,1990,58,19,2,35
New Mexico,Valencia,1990,97,44,2,35
Oklahoma,Carter,1990,52,21,2,34
Oklahoma,Cleveland,1990,143,38,2,34
Oklahoma,Comanche,1990,81,11,2,34
Oklahoma,Garvin,1990,81,14,2,34
Oklahoma,Kay,1990,192,61,2,34
Oklahoma,Mayes,1990,53,25,2,34
Oklahoma,McClain,1990,119,34,2,34
Oklahoma,Muskogee,1990,166,30,2,34
Oklahoma,Oklahoma,1990,172,44,2,34
Oklahoma,Tulsa,1990,224,74,2,34
Oklahoma,Woodward,1990,54,19,2,34
Texas,Bell,1990,35,15,2,37
Texas,Bexar,1990,174,37,2,37
Texas,Brazoria,1990,228,30,2,37
Texas,Brewster,1990,76,22,2,37
Texas,Cameron,1990,50,22,2,37
Texas,Culberson,1990,101,40,2,37
Texas,Dallas,1990,217,44,2,37
Texas,Denton,1990,217,38,2,37
Texas,Ector,1990,58,17,2,37
Texas,El Paso,1990,200,103,2,37
Texas,Fort Bend,1990,233,39,2,37
Texas,Galveston,1990,219,43,2,37
Texas,Gregg,1990,177,40,2,37
Texas,Hardin,1990,150,33,2,37
Texas,Harris,1990,268,81,2,37
Texas,Jefferson,1990,212,56,2,37
Texas,Johnson,1990,174,48,2,37
Texas,Lubbock,1990,70,20,2,37
Texas,Nueces,1990,154,36,2,37
Texas,Orange,1990,187,37,2,37
Texas,Potter,1990,28,14,2,37
Texas,Smith,1990,45,18,2,37
Texas,Tarrant,1990,216,44,2,37
Texas,Travis,1990,200,38,2,37
Texas,Tyler,1990,161,31,2,37
Texas,Victoria,1990,67,32,2,37
Texas,Waller,1990,150,33,2,37
Texas,Webb,1990,57,29,2,37
Texas,Wichita,1990,57,22,2,37
Illinois,Adams,1990,139,37,3,38
Illinois,Champaign,1990,133,32,3,38
Illinois,Coles,1990,62,18,3,38
Illinois,Cook,1990,172,67,3,38
Illinois,DuPage,1990,117,33,3,38
Illinois,Effingham,1990,147,44,3,38
Illinois,Jackson,1990,59,22,3,38
Illinois,Jersey,1990,200,43,3,38
Illinois,Kane,1990,126,29,3,38
Illinois,La Salle,1990,124,36,3,38
Illinois,Lake,1990,164,29,3,38
Illinois,Livingston,1990,122,37,3,38
Illinois,Logan,1990,136,41,3,38
Illinois,Macon,1990,150,44,3,38
Illinois,Macoupin,1990,192,37,3,38
Illinois,Madison,1990,207,77,3,38
Illinois,Massac,1990,158,24,3,38
Illinois,McHenry,1990,126,30,3,38
Illinois,Monroe,1990,49,29,3,38
Illinois,Peoria,1990,136,47,3,38
Illinois,Randolph,1990,191,43,3,38
Illinois,Rock Island,1990,111,33,3,38
Illinois,Saint Clair,1990,201,92,3,38
Illinois,Sangamon,1990,198,37,3,38
Illinois,Tazewell,1990,200,19,3,38
Illinois,Wabash,1990,200,26,3,38
Illinois,Will,1990,122,34,3,38
Illinois,Winnebago,1990,143,35,3,38
Indiana,Allen,1990,192,40,3,48
Indiana,Bartholomew,1990,195,46,3,48
Indiana,Carroll,1990,150,39,3,48
Indiana,Clark,1990,204,44,3,48
Indiana,Daviess,1990,200,44,3,48
Indiana,DeKalb,1990,67,31,3,48
Indiana,Dearborn,1990,200,57,3,48
Indiana,Delaware,1990,55,18,3,48
Indiana,Dubois,1990,65,31,3,48
Indiana,Floyd,1990,190,44,3,48
Indiana,Fountain,1990,184,24,3,48
Indiana,Gibson,1990,200,46,3,48
Indiana,Hamilton,1990,182,41,3,48
Indiana,Hancock,1990,185,38,3,48
Indiana,Huntington,1990,202,49,3,48
Indiana,Jasper,1990,147,26,3,48
Indiana,Jefferson,1990,200,92,3,48
Indiana,Knox,1990,200,61,3,48
Indiana,LaPorte,1990,166,36,3,48
Indiana,Lake,1990,196,58,3,48
Indiana,Madison,1990,71,24,3,48
Indiana,Marion,1990,207,75,3,48
Indiana,Montgomery,1990,67,25,3,48
Indiana,Morgan,1990,174,46,3,48
Indiana,Pike,1990,200,39,3,48
Indiana,Porter,1990,218,87,3,48
Indiana,Posey,1990,185,56,3,48
Indiana,Spencer,1990,200,66,3,48
Indiana,St. Joseph,1990,159,38,3,48
Indiana,Sullivan,1990,200,52,3,48
Indiana,Tippecanoe,1990,184,42,3,48
Indiana,Vanderburgh,1990,201,65,3,48
Indiana,Vermillion,1990,78,29,3,48
Indiana,Vigo,1990,183,59,3,48
Indiana,Wabash,1990,195,39,3,48
Indiana,Warrick,1990,200,119,3,48
Indiana,Wayne,1990,185,43,3,48
Iowa,Cerro Gordo,1990,161,30,3,30
Iowa,Clinton,1990,200,53,3,30
Iowa,Delaware,1990,95,12,3,30
Iowa,Dubuque,1990,183,13,3,30
Iowa,Johnson,1990,154,32,3,30
Iowa,Lee,1990,116,11,3,30
Iowa,Linn,1990,200,82,3,30
Iowa,Muscatine,1990,200,27,3,30
Iowa,Polk,1990,97,32,3,30
Iowa,Scott,1990,165,40,3,30
Iowa,Story,1990,130,4,3,30
Iowa,Woodbury,1990,60,22,3,30
Kansas,Cloud,1990,42,23,3,27
Kansas,Ford,1990,64,24,3,27
Kansas,Johnson,1990,59,29,3,27
Kansas,Montgomery,1990,150,19,3,27
Kansas,Neosho,1990,53,21,3,27
Kansas,Sedgwick,1990,174,38,3,27
Kansas,Shawnee,1990,63,28,3,27
Kansas,Sherman,1990,51,22,3,27
Kansas,Wyandotte,1990,182,38,3,27
Michigan,Allegan,1990,215,51,3,31
Michigan,Bay,1990,114,22,3,31
Michigan,Calhoun,1990,70,24,3,31
Michigan,Clinton,1990,166,42,3,31
Michigan,Delta,1990,200,14,3,31
Michigan,Dickinson,1990,136,34,3,31
Michigan,Genesee,1990,182,33,3,31
Michigan,Gratiot,1990,142,26,3,31
Michigan,Houghton,1990,80,32,3,31
Michigan,Ingham,1990,174,39,3,31
Michigan,Kent,1990,204,32,3,31
Michigan,Keweenaw,1990,68,18,3,31
Michigan,Macomb,1990,203,37,3,31
Michigan,Manistee,1990,164,34,3,31
Michigan,Marquette,1990,62,13,3,31
Michigan,Mason,1990,112,23,3,31
Michigan,Midland,1990,81,19,3,31
Michigan,Monroe,1990,61,28,3,31
Michigan,Montmorency,1990,35,9,3,31
Michigan,Muskegon,1990,209,43,3,31
Michigan,Oakland,1990,166,26,3,31
Michigan,Ottawa,1990,202,41,3,31
Michigan,Saginaw,1990,61,19,3,31
Michigan,St. Clair,1990,203,41,3,31
Michigan,Tuscola,1990,164,37,3,31
Michigan,Washtenaw,1990,195,36,3,31
Michigan,Wayne,1990,182,76,3,31
Minnesota,Anoka,1990,129,30,3,29
Minnesota,Carlton,1990,65,11,3,29
Minnesota,Dakota,1990,200,56,3,29
Minnesota,Hennepin,1990,110,44,3,29
Minnesota,Koochiching,1990,60,27,3,29
Minnesota,Lake,1990,101,12,3,29
Minnesota,Olmsted,1990,104,33,3,29
Minnesota,Ramsey,1990,157,44,3,29
Minnesota,Saint Louis,1990,77,24,3,29
Minnesota,Sherburne,1990,87,9,3,29
Minnesota,Stearns,1990,89,24,3,29
Minnesota,Washington,1990,142,40,3,29
Minnesota,Wright,1990,58,18,3,29
Missouri,Audrain,1990,39,18,3,36
Missouri,Boone,1990,150,19,3,36
Missouri,Buchanan,1990,135,34,3,36
Missouri,Clay,1990,172,42,3,36
Missouri,Greene,1990,200,43,3,36
Missouri,Iron,1990,200,3,3,36
Missouri,Jackson,1990,166,34,3,36
Missouri,Jefferson,1990,200,46,3,36
Missouri,Marion,1990,44,18,3,36
Missouri,Monroe,1990,140,33,3,36
Missouri,Platte,1990,190,28,3,36
Missouri,Saint Charles,1990,205,44,3,36
Missouri,Saint Louis,1990,202,81,3,36
Missouri,St. Louis City,1990,185,67,3,36
Nebraska,Adams,1990,60,20,3,28
Nebraska,Buffalo,1990,76,29,3,28
Nebraska,Cass,1990,92,27,3,28
Nebraska,Douglas,1990,151,40,3,28
Nebraska,Lancaster,1990,116,36,3,28
Nebraska,Otoe,1990,57,20,3,28
Nebraska,Scotts Bluff,1990,82,23,3,28
North Dakota,Billings,1990,74,4,3,16
North Dakota,Burke,1990,55,3,3,16
North Dakota,Burleigh,1990,76,17,3,16
North Dakota,Cass,1990,125,15,3,16
North Dakota,Dunn,1990,56,0,3,16
North Dakota,Grand Forks,1990,232,19,3,16
North Dakota,McKenzie,1990,139,23,3,16
North Dakota,McLean,1990,75,3,3,16
North Dakota,Mercer,1990,126,41,3,16
North Dakota,Oliver,1990,82,19,3,16
North Dakota,Stark,1990,60,14,3,16
North Dakota,Williams,1990,200,34,3,16
Ohio,Adams,1990,187,61,3,44
Ohio,Allen,1990,161,34,3,44
Ohio,Ashtabula,1990,172,41,3,44
Ohio,Belmont,1990,200,62,3,44
Ohio,Butler,1990,213,61,3,44
Ohio,Clark,1990,200,41,3,44
Ohio,Clermont,1990,169,47,3,44
Ohio,Clinton,1990,192,44,3,44
Ohio,Columbiana,1990,200,62,3,44
Ohio,Crawford,1990,169,38,3,44
Ohio,Cuyahoga,1990,185,94,3,44
Ohio,Fayette,1990,195,39,3,44
Ohio,Franklin,1990,192,44,3,44
Ohio,Greene,1990,59,15,3,44
Ohio,Hamilton,1990,209,85,3,44
Ohio,Huron,1990,151,39,3,44
Ohio,Jefferson,1990,240,87,3,44
Ohio,Knox,1990,166,40,3,44
Ohio,Lake,1990,219,66,3,44
Ohio,Lawrence,1990,203,39,3,44
Ohio,Logan,1990,190,43,3,44
Ohio,Lorain,1990,151,40,3,44
Ohio,Lucas,1990,159,43,3,44
Ohio,Mahoning,1990,172,43,3,44
Ohio,Medina,1990,156,41,3,44
Ohio,Meigs,1990,200,29,3,44
Ohio,Montgomery,1990,203,32,3,44
Ohio,Morgan,1990,200,40,3,44
Ohio,Noble,1990,58,25,3,44
Ohio,Ottawa,1990,58,22,3,44
Ohio,Pickaway,1990,145,26,3,44
Ohio,Portage,1990,185,44,3,44
Ohio,Preble,1990,147,34,3,44
Ohio,Richland,1990,57,20,3,44
Ohio,Sandusky,1990,70,24,3,44
Ohio,Scioto,1990,161,33,3,44
Ohio,Stark,1990,305,44,3,44
Ohio,Summit,1990,207,74,3,44
Ohio,Trumbull,1990,68,23,3,44
Ohio,Tuscarawas,1990,162,54,3,44
Ohio,Union,1990,169,44,3,44
Ohio,Warren,1990,215,47,3,44
Ohio,Washington,1990,172,42,3,44
Ohio,Wyandot,1990,60,21,3,44
South Dakota,Brookings,1990,138,30,3,26
South Dakota,Jackson,1990,73,32,3,26
South Dakota,Minnehaha,1990,67,15,3,26
South Dakota,Pennington,1990,80,25,3,26
Wisconsin,Brown,1990,161,50,3,36
Wisconsin,Chippewa,1990,48,28,3,36
Wisconsin,Columbia,1990,133,32,3,36
Wisconsin,Dane,1990,140,31,3,36
Wisconsin,Dodge,1990,143,41,3,36
Wisconsin,Door,1990,221,41,3,36
Wisconsin,Douglas,1990,123,19,3,36
Wisconsin,Florence,1990,105,33,3,36
Wisconsin,Fond du Lac,1990,133,40,3,36
Wisconsin,Jefferson,1990,169,45,3,36
Wisconsin,Kenosha,1990,195,36,3,36
Wisconsin,Kewaunee,1990,202,40,3,36
Wisconsin,Manitowoc,1990,213,42,3,36
Wisconsin,Marathon,1990,200,43,3,36
Wisconsin,Milwaukee,1990,206,54,3,36
Wisconsin,Oneida,1990,188,10,3,36
Wisconsin,Outagamie,1990,122,36,3,36
Wisconsin,Ozaukee,1990,203,41,3,36
Wisconsin,Racine,1990,182,34,3,36
Wisconsin,Rock,1990,156,46,3,36
Wisconsin,Sheboygan,1990,190,32,3,36
Wisconsin,St. Croix,1990,122,40,3,36
Wisconsin,Taylor,1990,97,33,3,36
Wisconsin,Vernon,1990,105,39,3,36
Wisconsin,Walworth,1990,179,38,3,36
Wisconsin,Washington,1990,166,41,3,36
Wisconsin,Waukesha,1990,169,34,3,36
Wisconsin,Winnebago,1990,147,40,3,36
Wisconsin,Wood,1990,84,17,3,36
Alabama,Autauga,1990,151,43,4,31
Alabama,Calhoun,1990,60,23,4,31
Alabama,Colbert,1990,192,16,4,31
Alabama,DeKalb,1990,201,47,4,31
Alabama,Elmore,1990,150,45,4,31
Alabama,Escambia,1990,57,26,4,31
Alabama,Etowah,1990,59,29,4,31
Alabama,Franklin,1990,64,20,4,31
Alabama,Houston,1990,64,24,4,31
Alabama,Jackson,1990,191,36,4,31
Alabama,Jefferson,1990,203,51,4,31
Alabama,Lauderdale,1990,161,13,4,31
Alabama,Madison,1990,136,37,4,31
Alabama,Marengo,1990,67,20,4,31
Alabama,Mobile,1990,200,48,4,31
Alabama,Montgomery,1990,151,43,4,31
Alabama,Morgan,1990,54,21,4,31
Alabama,Pike,1990,57,20,4,31
Alabama,Russell,1990,57,25,4,31
Alabama,Shelby,1990,201,42,4,31
Alabama,Talladega,1990,70,33,4,31
Alabama,Tuscaloosa,1990,66,27,4,31
Alabama,Walker,1990,57,23,4,31
Arkansas,Arkansas,1990,60,24,4,23
Arkansas,Ashley,1990,61,26,4,23
Arkansas,Clark,1990,143,39,4,23
Arkansas,Craighead,1990,59,22,4,23
Arkansas,Crittenden,1990,54,24,4,23
Arkansas,Garland,1990,49,18,4,23
Arkansas,Jefferson,1990,51,18,4,23
Arkansas,Marion,1990,47,15,4,23
Arkansas,Miller,1990,45,21,4,23
Arkansas,Mississippi,1990,58,20,4,23
Arkansas,Ouachita,1990,42,21,4,23
Arkansas,Phillips,1990,53,21,4,23
Arkansas,Polk,1990,45,20,4,23
Arkansas,Pope,1990,48,18,4,23
Arkansas,Pulaski,1990,206,41,4,23
Arkansas,Sebastian,1990,56,21,4,23
Arkansas,Union,1990,160,26,4,23
Arkansas,Washington,1990,53,19,4,23
Arkansas,White,1990,57,20,4,23
Delaware,Kent,1990,172,37,4,55
Delaware,New Castle,1990,215,77,4,55
Delaware,Sussex,1990,228,50,4,55
District Of Columbia,District of Columbia,1990,197,59,4,59
Florida,Brevard,1990,143,40,4,40
Florida,Broward,1990,151,38,4,40
Florida,Duval,1990,174,45,4,40
Florida,Escambia,1990,200,50,4,40
Florida,Hillsborough,1990,200,72,4,40
Florida,Lee,1990,105,37,4,40
Florida,Liberty,1990,151,41,4,40
Florida,Manatee,1990,154,34,4,40
Florida,Miami-Dade,1990,164,41,4,40
Florida,Nassau,1990,200,27,4,40
Florida,Orange,1990,177,42,4,40
Florida,Palm Beach,1990,136,35,4,40
Florida,Pinellas,1990,199,58,4,40
Florida,Polk,1990,147,16,4,40
Florida,Putnam,1990,108,19,4,40
Florida,Sarasota,1990,156,48,4,40
Florida,Seminole,1990,161,40,4,40
Georgia,Bartow,1990,128,16,4,37
Georgia,Chatham,1990,76,10,4,37
Georgia,Chattooga,1990,44,22,4,37
Georgia,Dawson,1990,204,50,4,37
Georgia,DeKalb,1990,220,42,4,37
Georgia,Douglas,1990,200,46,4,37
Georgia,Fannin,1990,200,60,4,37
Georgia,Floyd,1990,160,17,4,37
Georgia,Fulton,1990,202,60,4,37
Georgia,Glynn,1990,47,6,4,37
Georgia,Muscogee,1990,172,41,4,37
Georgia,Paulding,1990,208,54,4,37
Georgia,Pike,1990,209,47,4,37
Georgia,Richmond,1990,150,42,4,37
Georgia,Rockdale,1990,244,58,4,37
Georgia,Spalding,1990,56,24,4,37
Kentucky,Bell,1990,58,27,4,40
Kentucky,Boone,1990,182,44,4,40
Kentucky,Boyd,1990,210,54,4,40
Kentucky,Bullitt,1990,190,37,4,40
Kentucky,Campbell,1990,197,43,4,40
Kentucky,Daviess,1990,200,46,4,40
Kentucky,Edmonson,1990,156,40,4,40
Kentucky,Fayette,1990,190,42,4,40
Kentucky,Greenup,1990,182,41,4,40
Kentucky,Hancock,1990,204,64,4,40
Kentucky,Henderson,1990,200,61,4,40
Kentucky,Jefferson,1990,158,60,4,40
Kentucky,Kenton,1990,204,32,4,40
Kentucky,Lawrence,1990,73,25,4,40
Kentucky,Livingston,1990,147,40,4,40
Kentucky,Madison,1990,56,21,4,40
Kentucky,McCracken,1990,172,47,4,40
Kentucky,Muhlenberg,1990,173,31,4,40
Kentucky,Ohio,1990,160,29,4,40
Kentucky,Oldham,1990,200,33,4,40
Kentucky,Perry,1990,78,29,4,40
Kentucky,Pike,1990,64,25,4,40
Kentucky,Washington,1990,185,42,4,40
Louisiana,Beauregard,1990,161,36,4,36
Louisiana,Bossier,1990,200,40,4,36
Louisiana,Caddo,1990,154,39,4,36
Louisiana,Calcasieu,1990,220,41,4,36
Louisiana,East Baton Rouge,1990,234,48,4,36
Louisiana,Grant,1990,143,38,4,36
Louisiana,Iberville,1990,212,38,4,36
Louisiana,Jefferson,1990,151,39,4,36
Louisiana,Lafayette,1990,177,36,4,36
Louisiana,Lafourche,1990,200,37,4,36
Louisiana,Orleans,1990,150,40,4,36
Louisiana,Ouachita,1990,67,25,4,36
Louisiana,Pointe Coupee,1990,229,39,4,36
Louisiana,Rapides,1990,45,19,4,36
Louisiana,St. Bernard,1990,159,34,4,36
Louisiana,St. James,1990,151,33,4,36
Louisiana,St. John the Baptist,1990,177,35,4,36
Louisiana,St. Mary,1990,151,31,4,36
Louisiana,West Baton Rouge,1990,220,45,4,36
Maryland,Allegany,1990,126,37,4,38
Maryland,Anne Arundel,1990,215,44,4,38
Maryland,Baltimore,1990,215,49,4,38
Maryland,Baltimore (City),1990,226,52,4,38
Maryland,Carroll,1990,206,46,4,38
Maryland,Cecil,1990,51,20,4,38
Maryland,Charles,1990,208,39,4,38
Maryland,Frederick,1990,65,31,4,38
Maryland,Harford,1990,225,35,4,38
Maryland,Kent,1990,197,37,4,38
Maryland,Montgomery,1990,166,36,4,38
Maryland,Prince George's,1990,217,43,4,38
Maryland,Wicomico,1990,69,19,4,38
Mississippi,Adams,1990,105,39,4,40
Mississippi,DeSoto,1990,182,47,4,40
Mississippi,Hancock,1990,166,45,4,40
Mississippi,Harrison,1990,172,10,4,40
Mississippi,Hinds,1990,151,37,4,40
Mississippi,Jackson,1990,179,45,4,40
Mississippi,Lamar,1990,164,42,4,40
Mississippi,Lauderdale,1990,140,39,4,40
Mississippi,Lee,1990,161,45,4,40
Mississippi,Madison,1990,150,44,4,40
Mississippi,Warren,1990,164,42,4,40
Mississippi,Yalobusha,1990,172,44,4,40
North Carolina,Alexander,1990,150,39,4,34
North Carolina,Avery,1990,172,48,4,34
North Carolina,Beaufort,1990,96,6,4,34
North Carolina,Brunswick,1990,45,19,4,34
North Carolina,Buncombe,1990,136,38,4,34
North Carolina,Camden,1990,151,42,4,34
North Carolina,Columbus,1990,164,10,4,34
North Carolina,Cumberland,1990,172,46,4,34
North Carolina,Durham,1990,120,33,4,34
North Carolina,Edgecombe,1990,166,36,4,34
North Carolina,Forsyth,1990,214,52,4,34
North Carolina,Granville,1990,166,49,4,34
North Carolina,Guilford,1990,201,43,4,34
North Carolina,Harnett,1990,53,26,4,34
North Carolina,Johnston,1990,161,36,4,34
North Carolina,Macon,1990,126,41,4,34
North Carolina,McDowell,1990,34,21,4,34
North Carolina,Mecklenburg,1990,209,52,4,34
North Carolina,Mitchell,1990,31,20,4,34
North Carolina,Montgomery,1990,93,32,4,34
North Carolina,New Hanover,1990,151,45,4,34
North Carolina,Onslow,1990,51,23,4,34
North Carolina,Pasquotank,1990,43,22,4,34
North Carolina,Wake,1990,206,51,4,34
North Carolina,Wayne,1990,45,22,4,34
South Carolina,Aiken,1990,192,43,4,40
South Carolina,Barnwell,1990,197,44,4,40
South Carolina,Beaufort,1990,174,64,4,40
South Carolina,Berkeley,1990,154,41,4,40
South Carolina,Charleston,1990,100,22,4,40
South Carolina,Cherokee,1990,129,36,4,40
South Carolina,Chester,1990,190,43,4,40
South Carolina,Colleton,1990,156,47,4,40
South Carolina,Darlington,1990,161,49,4,40
South Carolina,Edgefield,1990,164,41,4,40
South Carolina,Georgetown,1990,111,10,4,40
South Carolina,Greenville,1990,187,41,4,40
South Carolina,Lexington,1990,200,19,4,40
South Carolina,Oconee,1990,126,44,4,40
South Carolina,Pickens,1990,133,37,4,40
South Carolina,Richland,1990,205,50,4,40
South Carolina,Spartanburg,1990,169,45,4,40
South Carolina,Union,1990,190,43,4,40
South Carolina,York,1990,185,46,4,40
Tennessee,Anderson,1990,200,23,4,42
Tennessee,Benton,1990,178,11,4,42
Tennessee,Blount,1990,199,56,4,42
Tennessee,Bradley,1990,161,27,4,42
Tennessee,Claiborne,1990,182,44,4,42
Tennessee,Davidson,1990,179,49,4,42
Tennessee,DeKalb,1990,174,45,4,42
Tennessee,Fayette,1990,154,42,4,42
Tennessee,Hamilton,1990,195,49,4,42
Tennessee,Hardin,1990,101,16,4,42
Tennessee,Hawkins,1990,200,100,4,42
Tennessee,Houston,1990,200,29,4,42
Tennessee,Humphreys,1990,153,41,4,42
Tennessee,Knox,1990,209,42,4,42
Tennessee,Loudon,1990,97,24,4,42
Tennessee,Madison,1990,68,26,4,42
Tennessee,Maury,1990,179,42,4,42
Tennessee,McMinn,1990,141,32,4,42
Tennessee,Montgomery,1990,180,21,4,42
Tennessee,Morgan,1990,117,13,4,42
Tennessee,Polk,1990,200,77,4,42
Tennessee,Roane,1990,200,13,4,42
Tennessee,Rutherford,1990,154,51,4,42
Tennessee,Sevier,1990,172,48,4,42
Tennessee,Shelby,1990,207,71,4,42
Tennessee,Stewart,1990,200,23,4,42
Tennessee,Sullivan,1990,200,80,4,42
Tennessee,Sumner,1990,209,79,4,42
Tennessee,Tipton,1990,68,39,4,42
Tennessee,Union,1990,72,31,4,42
Tennessee,Williamson,1990,159,50,4,42
Tennessee,Wilson,1990,204,50,4,42
Virginia,Alexandria City,1990,185,45,4,35
Virginia,Amherst,1990,151,47,4,35
Virginia,Arlington,1990,208,45,4,35
Virginia,Augusta,1990,151,40,4,35
Virginia,Bristol City,1990,55,28,4,35
Virginia,Buchanan,1990,78,30,4,35
Virginia,Campbell,1990,40,19,4,35
Virginia,Carroll,1990,53,21,4,35
Virginia,Charles,1990,202,47,4,35
Virginia,Charlottesville City,1990,60,24,4,35
Virginia,Chesapeake City,1990,49,24,4,35
Virginia,Chesterfield,1990,187,41,4,35
Virginia,Covington City,1990,59,29,4,35
Virginia,Fairfax,1990,212,57,4,35
Virginia,Fairfax City,1990,200,42,4,35
Virginia,Fauquier,1990,164,45,4,35
Virginia,Fredericksburg City,1990,61,19,4,35
Virginia,Giles,1990,161,47,4,35
Virginia,Hampton City,1990,159,42,4,35
Virginia,Hanover,1990,159,46,4,35
Virginia,Henrico,1990,200,39,4,35
Virginia,Hopewell City,1990,172,47,4,35
Virginia,King William,1990,52,20,4,35
Virginia,Loudoun,1990,57,19,4,35
Virginia,Lynchburg City,1990,49,21,4,35
Virginia,Madison,1990,169,44,4,35
Virginia,Martinsville City,1990,45,20,4,35
Virginia,Newport News City,1990,45,11,4,35
Virginia,Norfolk City,1990,116,42,4,35
Virginia,Northampton,1990,207,45,4,35
Virginia,Portsmouth City,1990,52,19,4,35
Virginia,Prince Edward,1990,172,41,4,35
Virginia,Prince William,1990,41,20,4,35
Virginia,Richmond City,1990,102,41,4,35
Virginia,Roanoke,1990,129,40,4,35
Virginia,Roanoke City,1990,62,36,4,35
Virginia,Smyth,1990,53,24,4,35
Virginia,Suffolk City,1990,182,50,4,35
Virginia,Warren,1990,159,43,4,35
Virginia,Winchester City,1990,61,21,4,35
Virginia,Wythe,1990,164,48,4,35
Virginia,York,1990,53,20,4,35
West Virginia,Brooke,1990,200,91,4,65
West Virginia,Cabell,1990,174,42,4,65
West Virginia,Gilmer,1990,187,36,4,65
West Virginia,Greenbrier,1990,154,42,4,65
West Virginia,Hancock,1990,200,126,4,65
West Virginia,Kanawha,1990,185,61,4,65
West Virginia,Marshall,1990,200,81,4,65
West Virginia,Monongalia,1990,163,44,4,65
West Virginia,Ohio,1990,179,61,4,65
West Virginia,Tucker,1990,197,40,4,65
West Virginia,Wayne,1990,200,92,4,65
West Virginia,Wood,1990,200,61,4,65
Connecticut,Fairfield,1990,221,57,5,39
Connecticut,Hartford,1990,210,42,5,39
Connecticut,Litchfield,1990,51,16,5,39
Connecticut,Middlesex,1990,220,35,5,39
Connecticut,New Haven,1990,246,60,5,39
Connecticut,New London,1990,223,38,5,39
Connecticut,Tolland,1990,217,44,5,39
Connecticut,Windham,1990,44,17,5,39
Maine,Androscoggin,1990,106,23,5,32
Maine,Aroostook,1990,166,50,5,32
Maine,Cumberland,1990,216,39,5,32
Maine,Franklin,1990,48,17,5,32
Maine,Hancock,1990,197,37,5,32
Maine,Kennebec,1990,179,36,5,32
Maine,Knox,1990,226,37,5,32
Maine,Oxford,1990,198,41,5,32
Maine,Penobscot,1990,200,40,5,32
Maine,Sagadahoc,1990,97,20,5,32
Maine,Somerset,1990,38,11,5,32
Maine,Washington,1990,177,31,5,32
Maine,York,1990,232,33,5,32
Massachusetts,Barnstable,1990,210,40,5,47
Massachusetts,Berkshire,1990,203,46,5,47
Massachusetts,Bristol,1990,206,56,5,47
Massachusetts,Essex,1990,200,54,5,47
Massachusetts,Hampden,1990,201,52,5,47
Massachusetts,Hampshire,1990,213,51,5,47
Massachusetts,Middlesex,1990,208,43,5,47
Massachusetts,Norfolk,1990,109,41,5,47
Massachusetts,Plymouth,1990,143,31,5,47
Massachusetts,Suffolk,1990,200,60,5,47
Massachusetts,Worcester,1990,192,39,5,47
New Hampshire,Cheshire,1990,140,36,5,42
New Hampshire,Coos,1990,200,75,5,42
New Hampshire,Grafton,1990,129,34,5,42
New Hampshire,Hillsborough,1990,177,45,5,42
New Hampshire,Merrimack,1990,193,61,5,42
New Hampshire,Rockingham,1990,200,38,5,42
New Hampshire,Strafford,1990,42,17,5,42
New Hampshire,Sullivan,1990,143,30,5,42
New Jersey,Atlantic,1990,232,39,5,41
New Jersey,Bergen,1990,212,50,5,41
New Jersey,Burlington,1990,219,41,5,41
New Jersey,Camden,1990,223,51,5,41
New Jersey,Cumberland,1990,224,37,5,41
New Jersey,Essex,1990,212,54,5,41
New Jersey,Gloucester,1990,212,40,5,41
New Jersey,Hudson,1990,244,54,5,41
New Jersey,Hunterdon,1990,227,35,5,41
New Jersey,Mercer,1990,223,43,5,41
New Jersey,Middlesex,1990,212,34,5,41
New Jersey,Monmouth,1990,221,38,5,41
New Jersey,Morris,1990,207,44,5,41
New Jersey,Ocean,1990,73,24,5,41
New Jersey,Passaic,1990,66,26,5,41
New Jersey,Union,1990,197,53,5,41
New York,Albany,1990,201,43,5,36
New York,Bronx,1990,178,58,5,36
New York,Broome,1990,48,19,5,36
New York,Chautauqua,1990,185,43,5,36
New York,Chemung,1990,150,33,5,36
New York,Dutchess,1990,172,37,5,36
New York,Erie,1990,200,70,5,36
New York,Essex,1990,159,42,5,36
New York,Franklin,1990,44,12,5,36
New York,Greene,1990,87,20,5,36
New York,Herkimer,1990,48,10,5,36
New York,Jefferson,1990,133,34,5,36
New York,Kings,1990,143,54,5,36
New York,Madison,1990,97,31,5,36
New York,Monroe,1990,200,66,5,36
New York,Nassau,1990,108,44,5,36
New York,New York,1990,226,72,5,36
New York,Niagara,1990,192,54,5,36
New York,Oneida,1990,204,33,5,36
New York,Onondaga,1990,169,39,5,36
New York,Putnam,1990,27,13,5,36
New York,Queens,1990,208,38,5,36
New York,Rensselaer,1990,44,18,5,36
New York,Richmond,1990,207,41,5,36
New York,Saratoga,1990,61,29,5,36
New York,Schenectady,1990,161,33,5,36
New York,Steuben,1990,43,18,5,36
New York,Suffolk,1990,213,40,5,36
New York,Tompkins,1990,154,37,5,36
New York,Ulster,1990,44,17,5,36
New York,Warren,1990,176,14,5,36
New York,Wayne,1990,205,32,5,36
New York,Westchester,1990,195,31,5,36
Pennsylvania,Adams,1990,203,38,5,46
Pennsylvania,Allegheny,1990,200,116,5,46
Pennsylvania,Beaver,1990,200,90,5,46
Pennsylvania,Berks,1990,192,46,5,46
Pennsylvania,Blair,1990,172,46,5,46
Pennsylvania,Bucks,1990,214,42,5,46
Pennsylvania,Cambria,1990,169,51,5,46
Pennsylvania,Centre,1990,190,38,5,46
Pennsylvania,Chester,1990,70,25,5,46
Pennsylvania,Dauphin,1990,212,42,5,46
Pennsylvania,Delaware,1990,216,51,5,46
Pennsylvania,Elk,1990,174,39,5,46
Pennsylvania,Erie,1990,193,59,5,46
Pennsylvania,Lackawanna,1990,187,44,5,46
Pennsylvania,Lancaster,1990,164,40,5,46
Pennsylvania,Lawrence,1990,172,44,5,46
Pennsylvania,Lehigh,1990,197,38,5,46
Pennsylvania,Luzerne,1990,201,43,5,46
Pennsylvania,Lycoming,1990,133,31,5,46
Pennsylvania,Mercer,1990,187,44,5,46
Pennsylvania,Montgomery,1990,207,31,5,46
Pennsylvania,Northampton,1990,185,44,5,46
Pennsylvania,Perry,1990,179,34,5,46
Pennsylvania,Philadelphia,1990,219,69,5,46
Pennsylvania,Schuylkill,1990,119,29,5,46
Pennsylvania,Somerset,1990,190,36,5,46
Pennsylvania,Warren,1990,141,47,5,46
Pennsylvania,Washington,1990,190,61,5,46
Pennsylvania,Westmoreland,1990,172,32,5,46
Pennsylvania,York,1990,206,44,5,46
Rhode Island,Kent,1990,226,43,5,44
Rhode Island,Providence,1990,195,44,5,44
Vermont,Bennington,1990,159,42,5,29
Vermont,Chittenden,1990,122,35,5,29
Vermont,Rutland,1990,113,27,5,29
Vermont,Washington,1990,45,20,5,29
Vermont,Windham,1990,48,21,5,29
Guam,Guam,1990,53,31,6,31
Puerto Rico,Barceloneta,1990,58,22,6,24
Puerto Rico,Bayamon,1990,200,30,6,24
Puerto Rico,Carolina,1990,57,20,6,24
Puerto Rico,Fajardo,1990,46,18,6,24
Puerto Rico,Guayama,1990,57,23,6,24
Puerto Rico,Guaynabo,1990,76,40,6,24
Puerto Rico,Manati,1990,60,22,6,24
Puerto Rico,Ponce,1990,71,38,6,24
Puerto Rico,San Juan,1990,97,35,6,24
Puerto Rico,Toa Baja,1990,47,17,6,24
Puerto Rico,Yabucoa,1990,23,3,6,24
Virgin Islands,St Croix,1990,200,31,6,26
Virgin Islands,St John,1990,35,20,6,26